person,BIStotal,attentional_imp,motor_imp,nonplan_imp,procrastination,extraversion,agreeableness,conscientiousness,negative_emo,open_mindedness,site,n_pc,pre_crastinate,bead_colour,n_beads
1,NA,NA,NA,NA,NA,NA,NA,NA,NA,NA,Aberdeen,0,no,black,3
4,1.8,1.75,1.7272727272727273,1.9090909090909092,3.75,2.8181818181818183,3.75,3.6666666666666665,2.0833333333333335,4.083333333333333,Aberdeen,0,no,black,1
5,2.1333333333333333,2.375,1.7272727272727273,2.3636363636363638,2.2,3.909090909090909,3.1666666666666665,4.083333333333333,4.083333333333333,3.25,Aberdeen,6,yes,orange,1
6,2.1333333333333333,2.125,1.8181818181818181,2.4545454545454546,2.95,3.272727272727273,3.1666666666666665,3.3333333333333335,3.4166666666666665,3.75,Aberdeen,6,yes,black,6
7,2.466666666666667,2.25,2.8181818181818183,2.272727272727273,2.85,3.909090909090909,3.75,3.8333333333333335,2.9166666666666665,4,Aberdeen,6,yes,black,1
8,1.9,1.875,1.5454545454545454,2.272727272727273,2.2,3.5454545454545454,4.583333333333333,4.166666666666667,3.0833333333333335,4,Aberdeen,6,yes,black,1
10,1.9,1.75,1.9090909090909092,2,3,3.090909090909091,4,3.1666666666666665,2.75,4.416666666666667,Aberdeen,6,yes,black,1
11,NA,2.625,NA,2.6363636363636362,3,2.6363636363636362,2.3333333333333335,3.5,2.6666666666666665,3.5833333333333335,Aberdeen,6,yes,black,1
12,2.1,2.25,2.3636363636363638,1.7272727272727273,3.05,3.909090909090909,3.6666666666666665,3.4166666666666665,1.75,4.166666666666667,Aberdeen,1,no,orange,1
13,2.9,3.125,3.1818181818181817,2.4545454545454546,3.75,4,3.1666666666666665,2.5,3.5833333333333335,4.916666666666667,Aberdeen,0,no,black,7
14,1.9333333333333333,2.25,2,1.6363636363636365,3.35,3.909090909090909,4.666666666666667,3,3,4.333333333333333,Aberdeen,1,no,black,3
15,1.7666666666666666,1.375,1.9090909090909092,1.9090909090909092,1.75,4.545454545454546,4,4.333333333333333,2.8333333333333335,3.6666666666666665,Aberdeen,1,no,orange,2
17,1.7666666666666666,1.75,1.8181818181818181,1.7272727272727273,1.7,4.2727272727272725,4.5,4.666666666666667,2.25,4.583333333333333,Aberdeen,1,no,orange,1
18,2.3666666666666667,2.25,2.3636363636363638,2.4545454545454546,2.7,3.1818181818181817,4.25,2.9166666666666665,2.8333333333333335,4.5,Aberdeen,1,no,orange,2
19,2.3,2.125,2,2.727272727272727,3.2,3.090909090909091,4.083333333333333,3.3333333333333335,2.9166666666666665,3.8333333333333335,Aberdeen,6,yes,black,1
20,2.6,2.375,2.6363636363636362,2.727272727272727,3.6,3.8181818181818183,3.8333333333333335,2.5833333333333335,4.5,4.833333333333333,Aberdeen,2,intermediate,orange,1
21,2.1333333333333333,2.625,1.9090909090909092,2,3.9,2.909090909090909,4.166666666666667,2.5833333333333335,2.75,4.5,Aberdeen,0,no,black,3
23,1.9666666666666666,2,2.090909090909091,1.8181818181818181,2.5,3.1818181818181817,4.5,4.916666666666667,2.5833333333333335,3.5,Aberdeen,0,no,black,1
24,2,1.875,1.8181818181818181,2.272727272727273,3.05,3.272727272727273,4.083333333333333,3.1666666666666665,2.6666666666666665,4.666666666666667,Aberdeen,1,no,orange,1
26,2.6666666666666665,2.875,2.909090909090909,2.272727272727273,1.9,3.909090909090909,4,3.6666666666666665,4.166666666666667,4.666666666666667,Aberdeen,6,yes,orange,2
27,1.9666666666666666,2.375,1.5454545454545454,2.090909090909091,3.6,1.9090909090909092,4,3.1666666666666665,3.6666666666666665,4,Aberdeen,0,no,black,1
28,1.8666666666666667,2,2,1.6363636363636365,2.3,4,4.083333333333333,3.3333333333333335,3.8333333333333335,3.25,Aberdeen,0,no,orange,3
29,2.3333333333333335,2.125,2.272727272727273,2.5454545454545454,2.85,4.2727272727272725,2.6666666666666665,2.75,3,4.75,Aberdeen,4,yes,orange,3
30,1.5,2.25,1.2727272727272727,1.1818181818181819,4.75,3.1818181818181817,4,3.3333333333333335,3.75,4.5,Aberdeen,0,no,black,2
31,2.2666666666666666,3,1.7272727272727273,2.272727272727273,4.2,3,3.8333333333333335,2.1666666666666665,3.75,4.666666666666667,Aberdeen,0,no,black,1
32,2.1333333333333333,2.375,2.090909090909091,2,4.3,3,3.8333333333333335,3.0833333333333335,4.083333333333333,4.416666666666667,Aberdeen,0,no,orange,1
34,2.1666666666666665,2.125,1.9090909090909092,2.4545454545454546,3,3.727272727272727,3.9166666666666665,3.25,3.25,3.75,Aberdeen,0,no,black,1
35,2.6,2.75,2.8181818181818183,2.272727272727273,3.3,3.4545454545454546,4.25,2.8333333333333335,4.583333333333333,4.25,Aberdeen,6,yes,black,3
36,1.5666666666666667,1.375,1.4545454545454546,1.8181818181818181,3.45,3.909090909090909,4.25,4.25,2.5,4.166666666666667,NA,NA,NA,orange,3
37,1.8666666666666667,3,1.5454545454545454,1.3636363636363635,2.25,3.272727272727273,3.8333333333333335,3.4166666666666665,4.25,4,Aberdeen,0,no,orange,3
38,1.7333333333333334,1.625,2,1.5454545454545454,1.75,4.454545454545454,3.3333333333333335,4,2.1666666666666665,4.75,Aberdeen,0,no,black,1
39,2.433333333333333,2.625,2,2.727272727272727,3.65,2.5454545454545454,4.083333333333333,3.25,1.75,4.166666666666667,Aberdeen,6,yes,orange,1
40,2,1.625,1.9090909090909092,2.3636363636363638,2.15,2.5454545454545454,3.4166666666666665,4.083333333333333,3.25,3.0833333333333335,Aberdeen,0,no,black,1
41,2.433333333333333,2.625,2.1818181818181817,2.5454545454545454,3.85,3.8181818181818183,3.5833333333333335,2.1666666666666665,3.9166666666666665,4.833333333333333,Aberdeen,0,no,orange,3
42,1.7333333333333334,1.625,1.7272727272727273,1.8181818181818181,3.05,4.181818181818182,4.583333333333333,4.083333333333333,2.4166666666666665,4.5,Aberdeen,3,intermediate,orange,2
43,2.7333333333333334,2.75,2.4545454545454546,3,3.2,3.909090909090909,3.8333333333333335,2.8333333333333335,2.6666666666666665,3.4166666666666665,Aberdeen,0,no,orange,1
44,2.1666666666666665,1.375,2.4545454545454546,2.4545454545454546,2.6,2.4545454545454546,3,3.1666666666666665,2.3333333333333335,3.25,Aberdeen,6,yes,orange,4
45,2.033333333333333,2,1.9090909090909092,2.1818181818181817,3.2,3.3636363636363638,4.833333333333333,3.0833333333333335,1.3333333333333333,4.083333333333333,Aberdeen,6,yes,orange,3
46,2.2333333333333334,2,2.272727272727273,2.3636363636363638,3.65,4.818181818181818,3.8333333333333335,2.75,3.5833333333333335,4.166666666666667,Aberdeen,6,yes,orange,1
101,NA,NA,NA,NA,NA,NA,NA,NA,NA,NA,Aberdeen,0,no,black,2
103,1.6,1.75,1.4545454545454546,1.6363636363636365,1.4,4.545454545454546,3.8333333333333335,4.583333333333333,3.0833333333333335,4.5,Aberdeen,0,no,orange,2
104,2.1333333333333333,2.375,2.1818181818181817,1.9090909090909092,2.25,3.090909090909091,3.75,4.166666666666667,4.083333333333333,4.166666666666667,Aberdeen,0,no,black,1
106,2.533333333333333,2.625,2.8181818181818183,2.1818181818181817,3.8,2.5454545454545454,3.1666666666666665,2.4166666666666665,2.75,4.75,Aberdeen,6,yes,orange,2
108,1.9333333333333333,2,1.5454545454545454,2.272727272727273,3.75,1.8181818181818181,3.9166666666666665,2.6666666666666665,3.25,3.1666666666666665,Aberdeen,6,yes,orange,2
109,1.9,2,1.7272727272727273,2,2.45,3.272727272727273,3.8333333333333335,3.9166666666666665,1.75,3.6666666666666665,Aberdeen,6,yes,black,1
110,2.033333333333333,2.375,1.8181818181818181,2,3.7,3.1818181818181817,3.6666666666666665,3.0833333333333335,3.6666666666666665,4.583333333333333,Aberdeen,1,no,black,5
111,2.2333333333333334,2.375,2.090909090909091,2.272727272727273,4.45,2.4545454545454546,3.8333333333333335,2.3333333333333335,4.083333333333333,4.083333333333333,Aberdeen,1,no,orange,3
112,2.3,2.25,2.272727272727273,2.3636363636363638,2.9,4.2727272727272725,4.166666666666667,3.25,3.25,3.9166666666666665,Aberdeen,0,no,orange,2
113,1.9,1.75,1.9090909090909092,2,3.25,2.909090909090909,4,3.75,4.25,4.416666666666667,Aberdeen,5,yes,black,5
114,NA,NA,NA,NA,NA,NA,NA,NA,NA,NA,Aberdeen,3,intermediate,orange,1
115,2.1666666666666665,2,2.090909090909091,2.3636363636363638,4.8,3.6363636363636362,4.666666666666667,2.25,3.5,3.25,Aberdeen,6,yes,black,5
116,2.066666666666667,2,2.090909090909091,2.090909090909091,2.7,3.727272727272727,4.25,3.9166666666666665,2.5833333333333335,4.25,Aberdeen,0,no,black,5
117,NA,NA,NA,NA,NA,NA,NA,NA,NA,NA,Aberdeen,6,yes,orange,5
119,NA,NA,NA,NA,NA,NA,NA,NA,NA,NA,Aberdeen,6,yes,orange,5
120,2.3666666666666667,2.75,2.4545454545454546,2,4.6,4.181818181818182,2.8333333333333335,3.1666666666666665,4,3.9166666666666665,Aberdeen,1,no,orange,3
121,2.3,2.25,2.272727272727273,2.3636363636363638,3.25,3.6363636363636362,3.6666666666666665,3.4166666666666665,3.4166666666666665,3.9166666666666665,Aberdeen,0,no,black,9
122,1.9333333333333333,1.75,1.9090909090909092,2.090909090909091,2.55,3.8181818181818183,4.166666666666667,4.166666666666667,3.0833333333333335,3.6666666666666665,Aberdeen,6,yes,black,10
123,1.7,1.875,1.8181818181818181,1.4545454545454546,1.85,3.909090909090909,4,4.666666666666667,2.4166666666666665,NA,Aberdeen,0,no,orange,1
124,1.8666666666666667,2,1.6363636363636365,2,3.25,2.5454545454545454,3.5833333333333335,2.8333333333333335,4.25,3,Aberdeen,1,no,orange,1
125,2.7666666666666666,2.625,2.8181818181818183,2.8181818181818183,4,3.4545454545454546,4.25,2.8333333333333335,3.8333333333333335,2.9166666666666665,Aberdeen,0,no,black,4
300,2.6333333333333333,2.75,2.8181818181818183,2.3636363636363638,4.2,2.5454545454545454,4.166666666666667,2.25,3.25,4.75,Aberdeen,0,no,orange,1
301,2.3666666666666667,2.75,2.090909090909091,2.3636363636363638,2.8,3.727272727272727,3,4.083333333333333,3.9166666666666665,3.6666666666666665,Aberdeen,6,yes,black,1
302,NA,NA,NA,NA,NA,NA,NA,NA,NA,NA,Aberdeen,6,yes,orange,1
303,2.1666666666666665,1.75,1.9090909090909092,2.727272727272727,3.2,3.3636363636363638,4.916666666666667,3.4166666666666665,3.0833333333333335,4.416666666666667,Aberdeen,6,yes,orange,1
304,NA,NA,NA,NA,NA,NA,NA,NA,NA,NA,Aberdeen,5,yes,black,1
306,2.066666666666667,2.375,1.9090909090909092,2,1.8,2.6363636363636362,4.416666666666667,4.75,2.5833333333333335,1.8333333333333333,Aberdeen,6,yes,orange,3
307,1.8666666666666667,1.5,2.1818181818181817,1.8181818181818181,1.3,3.909090909090909,4.416666666666667,4.833333333333333,2.6666666666666665,3,Aberdeen,1,no,black,1
308,2.2333333333333334,2.375,2.090909090909091,2.272727272727273,2.35,3.4545454545454546,3.5833333333333335,4.25,2.25,3.5,Aberdeen,6,yes,orange,4
309,2.1666666666666665,1.875,2.090909090909091,2.4545454545454546,2.4,4,4.166666666666667,3.9166666666666665,2.1666666666666665,3.8333333333333335,Aberdeen,1,no,black,1
310,2.2,2.375,2,2.272727272727273,2.85,2.6363636363636362,3.1666666666666665,3.4166666666666665,3.25,4.083333333333333,Aberdeen,6,yes,orange,2
311,1.8333333333333333,1.875,1.5454545454545454,2.090909090909091,2.6,4.454545454545454,4.333333333333333,3.75,1.9166666666666667,3.8333333333333335,Aberdeen,0,no,black,3
312,NA,NA,NA,NA,NA,NA,NA,NA,NA,NA,Aberdeen,6,yes,orange,2
313,1.8333333333333333,1.875,1.9090909090909092,1.7272727272727273,3.6,3.8181818181818183,4.5,3.4166666666666665,3,4.166666666666667,Aberdeen,1,no,black,3
315,2.433333333333333,3,1.8181818181818181,2.6363636363636362,3.5,2.5454545454545454,3.75,2.75,2.0833333333333335,3.75,Aberdeen,6,yes,black,1
316,1.7666666666666666,1.625,1.9090909090909092,1.7272727272727273,2.2,4.454545454545454,4.583333333333333,4.333333333333333,1.3333333333333333,3.3333333333333335,Aberdeen,0,no,black,1
317,NA,NA,NA,NA,NA,NA,NA,NA,NA,NA,Aberdeen,6,yes,black,1
318,2.2333333333333334,3,1.8181818181818181,2.090909090909091,3.55,3.090909090909091,4.333333333333333,4.166666666666667,3.6666666666666665,4.166666666666667,Aberdeen,6,yes,black,1
319,2.066666666666667,1.875,2.3636363636363638,1.9090909090909092,1.75,4.545454545454546,4.333333333333333,4.416666666666667,2.4166666666666665,4.25,Aberdeen,6,yes,black,2
320,1.9333333333333333,2.25,1.6363636363636365,2,3.45,3.272727272727273,4.333333333333333,4.583333333333333,3.3333333333333335,3.3333333333333335,Aberdeen,0,no,orange,1
321,1.9,1.75,1.9090909090909092,2,3.65,2.909090909090909,3.8333333333333335,3.4166666666666665,2.9166666666666665,2.5,Aberdeen,5,yes,orange,2
322,2,2.375,1.7272727272727273,2,2.2,3.1818181818181817,3.5833333333333335,3.8333333333333335,2,3.1666666666666665,Aberdeen,6,yes,black,1
400,NA,NA,NA,NA,NA,NA,NA,NA,NA,NA,NA,NA,NA,orange,2
401,NA,NA,NA,NA,NA,NA,NA,NA,NA,NA,NA,NA,NA,black,1
402,NA,NA,NA,NA,NA,NA,NA,NA,NA,NA,Aberdeen,4,yes,orange,1
403,1.8666666666666667,1.625,1.8181818181818181,2.090909090909091,2.15,3.8181818181818183,3.6666666666666665,4.333333333333333,2.3333333333333335,3.9166666666666665,Aberdeen,1,no,black,1
404,1.8666666666666667,1.5,2.090909090909091,1.9090909090909092,1.6,3.6363636363636362,3.8333333333333335,4.416666666666667,1.5833333333333333,4.583333333333333,Aberdeen,6,yes,orange,6
405,3.066666666666667,3,3,3.1818181818181817,3.4,3.090909090909091,2.6666666666666665,1.8333333333333333,3.25,3.5833333333333335,Aberdeen,6,yes,black,1
406,1.9333333333333333,2.375,1.9090909090909092,1.6363636363636365,3.2,3.8181818181818183,3.9166666666666665,3.9166666666666665,2.5833333333333335,3.75,Aberdeen,6,yes,orange,3
407,1.8666666666666667,1.5,2.272727272727273,1.7272727272727273,1.6,4.818181818181818,4.25,4.25,1.4166666666666667,4.583333333333333,Aberdeen,5,yes,orange,2
408,2,1.75,2.3636363636363638,1.8181818181818181,3.35,3.5454545454545454,4.5,3.3333333333333335,2.5833333333333335,4.416666666666667,Aberdeen,6,yes,black,3
409,2.2,2.125,2.272727272727273,2.1818181818181817,2.85,2.8181818181818183,3.5833333333333335,3.3333333333333335,3.8333333333333335,3.6666666666666665,Aberdeen,6,yes,orange,1
410,2.066666666666667,2,2.4545454545454546,1.7272727272727273,1.9,3.6363636363636362,4,4,1.5833333333333333,3.6666666666666665,Aberdeen,6,yes,black,2
411,NA,NA,NA,NA,NA,NA,NA,NA,NA,NA,Aberdeen,1,no,orange,2
412,2.033333333333333,1.875,1.9090909090909092,2.272727272727273,3.85,4.363636363636363,3.75,3.6666666666666665,3.6666666666666665,3,Aberdeen,0,no,black,4
413,1.7333333333333334,1.25,1.7272727272727273,2.090909090909091,1.75,3.090909090909091,4.25,4.416666666666667,2.1666666666666665,3.4166666666666665,Aberdeen,6,yes,black,3
415,2.533333333333333,2.875,3.090909090909091,1.7272727272727273,3.3,4,3.5833333333333335,3.1666666666666665,3,3.75,Aberdeen,2,intermediate,orange,10
416,2.033333333333333,2,1.9090909090909092,2.1818181818181817,2.15,4.363636363636363,3.4166666666666665,4.083333333333333,3.3333333333333335,4.416666666666667,Aberdeen,6,yes,black,4
417,2.1666666666666665,2.25,2.3636363636363638,1.9090909090909092,2.7,3.6363636363636362,4,2.3333333333333335,2.75,4.666666666666667,Aberdeen,6,yes,orange,6
418,1.7,1.25,1.7272727272727273,2,2,4,4.166666666666667,4.333333333333333,2.3333333333333335,3.9166666666666665,Aberdeen,6,yes,black,1
419,2,2.125,1.3636363636363635,2.5454545454545454,2.55,2.272727272727273,3.4166666666666665,3.4166666666666665,3.9166666666666665,4.083333333333333,Aberdeen,6,yes,orange,1
420,1.9,2.25,1.8181818181818181,1.7272727272727273,3.55,2.090909090909091,2.9166666666666665,4.5,4.166666666666667,4.166666666666667,Aberdeen,1,no,black,1
421,2.2333333333333334,2.5,2.272727272727273,2,1.45,4.090909090909091,4.666666666666667,4.75,3.0833333333333335,3.25,Aberdeen,6,yes,orange,1
422,1.8666666666666667,2,1.8181818181818181,1.8181818181818181,1.9,4.090909090909091,3.6666666666666665,4.583333333333333,1.75,4.666666666666667,Aberdeen,0,no,black,1
423,1.5666666666666667,1.625,1.8181818181818181,1.2727272727272727,1.85,3.909090909090909,3.75,4.666666666666667,2.3333333333333335,4,Aberdeen,6,yes,orange,1
424,2.7333333333333334,3.375,2.4545454545454546,2.5454545454545454,3.95,3.909090909090909,2.9166666666666665,3.3333333333333335,3.8333333333333335,4.583333333333333,NA,NA,NA,black,3
426,2.066666666666667,2.125,1.9090909090909092,2.1818181818181817,3.2,2.6363636363636362,3.9166666666666665,2.9166666666666665,3.4166666666666665,4,Aberdeen,0,no,black,3
427,1.7,1.75,1.9090909090909092,1.4545454545454546,1.8,3,4.75,4.833333333333333,3.5,3.6666666666666665,Aberdeen,6,yes,black,1
428,1.8666666666666667,2,1.7272727272727273,1.9090909090909092,2.05,2.727272727272727,2,4.666666666666667,4.333333333333333,3.9166666666666665,Aberdeen,6,yes,orange,3
430,2.9,2.875,2.8181818181818183,3,3.2,2.272727272727273,3.75,2.5833333333333335,2.5833333333333335,3,Aberdeen,6,yes,orange,2
431,1.4666666666666666,1.625,1.4545454545454546,1.3636363636363635,1.75,3.727272727272727,2.75,4.083333333333333,2.4166666666666665,4.083333333333333,Aberdeen,6,yes,black,5
432,2.2666666666666666,2.25,2.090909090909091,2.4545454545454546,2.75,3.4545454545454546,3.8333333333333335,2.8333333333333335,3,4.833333333333333,Aberdeen,0,no,orange,4
433,1.8666666666666667,2.75,1.4545454545454546,1.6363636363636365,3.55,4,4.083333333333333,4.5,2.9166666666666665,5,Aberdeen,6,yes,black,2
503,2.566666666666667,2.5,2.6363636363636362,2.5454545454545454,2.7,3.4545454545454546,3.8333333333333335,2.6666666666666665,2.9166666666666665,4,Aberdeen,3,intermediate,orange,1
505,1.6333333333333333,1.625,1.7272727272727273,1.5454545454545454,2.65,4.181818181818182,4.75,4.416666666666667,3.1666666666666665,3.5,Aberdeen,1,no,orange,1
603,1.8,1.375,1.6363636363636365,2.272727272727273,3.25,4.2727272727272725,4.083333333333333,3.75,1.5833333333333333,4.333333333333333,Aberdeen,0,no,black,5
604,2.2666666666666666,1.875,2.272727272727273,2.5454545454545454,2.6,3.6363636363636362,4.333333333333333,4,1.9166666666666667,3.8333333333333335,Aberdeen,6,yes,orange,10
605,1.8666666666666667,2,1.7272727272727273,1.9090909090909092,3.1,3.1818181818181817,4.083333333333333,3.25,2.25,3.6666666666666665,Aberdeen,6,yes,black,8
606,2.3,2.375,2.6363636363636362,1.9090909090909092,NA,3.1818181818181817,4.166666666666667,3.4166666666666665,3.25,3.5833333333333335,Aberdeen,6,yes,orange,8
607,2,2.125,2,1.9090909090909092,2.55,3.5454545454545454,4.916666666666667,3.5,1.6666666666666667,4.166666666666667,Aberdeen,6,yes,black,5
608,2.2,2.5,2.090909090909091,2.090909090909091,3.8,3.3636363636363638,3,3.5833333333333335,3.3333333333333335,3.75,Aberdeen,1,no,orange,3
609,2.4,2.75,2.272727272727273,2.272727272727273,3.1,2.8181818181818183,3.25,2.8333333333333335,3.8333333333333335,2.9166666666666665,Aberdeen,6,yes,black,7
610,1.7333333333333334,2,1.5454545454545454,1.7272727272727273,2.1,4.363636363636363,3.5833333333333335,4.25,3.5833333333333335,3.5,Aberdeen,6,yes,orange,5
611,2.566666666666667,2.5,2.5454545454545454,2.6363636363636362,3.65,2.8181818181818183,3.6666666666666665,2.6666666666666665,3.5,3.8333333333333335,Aberdeen,6,yes,orange,2
612,1.8333333333333333,2.25,1.7272727272727273,1.6363636363636365,3.3,4.363636363636363,4.25,4.333333333333333,2.8333333333333335,4.25,Aberdeen,1,no,black,10
613,1.5666666666666667,2,1.4545454545454546,1.3636363636363635,2.35,3.4545454545454546,3.4166666666666665,4.166666666666667,3.4166666666666665,3.3333333333333335,Aberdeen,6,yes,orange,6
614,1.7666666666666666,1.875,1.6363636363636365,1.8181818181818181,3.8,2.6363636363636362,4.166666666666667,4.583333333333333,3.3333333333333335,3.3333333333333335,Aberdeen,6,yes,black,3
615,1.7333333333333334,1.625,1.7272727272727273,1.8181818181818181,1.9,4.090909090909091,4.5,4.25,2.0833333333333335,4.5,Aberdeen,6,yes,orange,1
616,2.4,2.125,2.909090909090909,2.090909090909091,3.05,4.090909090909091,3.4166666666666665,3.8333333333333335,2.8333333333333335,3.9166666666666665,Aberdeen,2,intermediate,black,1
617,1.5666666666666667,2,1.3636363636363635,1.4545454545454546,4.05,2.727272727272727,3.8333333333333335,3.75,2.8333333333333335,4.166666666666667,Aberdeen,6,yes,orange,10
618,1.9333333333333333,2.375,1.8181818181818181,1.7272727272727273,3.2,3.727272727272727,3.6666666666666665,3.1666666666666665,2.6666666666666665,4.666666666666667,Aberdeen,6,yes,black,3
619,2.033333333333333,2.25,2,1.9090909090909092,3.6,3.727272727272727,4.083333333333333,3.3333333333333335,2.9166666666666665,4.083333333333333,Aberdeen,0,no,orange,8
620,1.7,1.875,1.7272727272727273,1.5454545454545454,1.8,3.8181818181818183,3.5,4.583333333333333,2.8333333333333335,3.8333333333333335,Aberdeen,2,intermediate,orange,10
621,NA,NA,NA,NA,NA,NA,NA,NA,NA,NA,Aberdeen,6,yes,orange,7
622,1.7333333333333334,1.75,1.8181818181818181,1.6363636363636365,2.45,3.8181818181818183,4.083333333333333,4.416666666666667,3.25,4.166666666666667,Aberdeen,0,no,black,5
623,1.9666666666666666,1.875,1.8181818181818181,2.1818181818181817,3,4.363636363636363,4.583333333333333,2.9166666666666665,3.1666666666666665,3.6666666666666665,Aberdeen,3,intermediate,orange,3
624,1.9666666666666666,1.5,2.090909090909091,2.1818181818181817,2.35,3.5454545454545454,3.25,3.75,2.5833333333333335,3.5833333333333335,Aberdeen,5,yes,orange,5
625,1.8666666666666667,1.625,2.1818181818181817,1.7272727272727273,1.95,3.6363636363636362,4.333333333333333,5,1.5833333333333333,4.25,Aberdeen,6,yes,black,1
626,2.3666666666666667,2.875,2,2.3636363636363638,3.7,2.727272727272727,3.1666666666666665,2.6666666666666665,4.083333333333333,4.416666666666667,Aberdeen,0,no,orange,4
627,1.5,1.625,1.4545454545454546,1.4545454545454546,2.15,4.181818181818182,3.8333333333333335,4.333333333333333,2.25,4.25,Aberdeen,6,yes,orange,3
628,2.3,2.375,2.090909090909091,2.4545454545454546,2.95,2.272727272727273,3.25,2.75,3.6666666666666665,3.8333333333333335,Aberdeen,6,yes,black,10
629,1.8666666666666667,1.75,2,1.8181818181818181,2.95,2,3,3.25,2.8333333333333335,3.5,Aberdeen,6,yes,orange,5
630,2.1666666666666665,2.5,2.1818181818181817,1.9090909090909092,3.55,4.090909090909091,3.3333333333333335,2.9166666666666665,3.75,3.25,Aberdeen,1,no,orange,3
631,1.6,1.5,1.5454545454545454,1.7272727272727273,2.2,3.6363636363636362,4.583333333333333,4.166666666666667,2.25,3.5,Aberdeen,0,no,black,10
632,1.5333333333333334,1.25,1.5454545454545454,1.7272727272727273,3.35,4.636363636363637,3.75,4.583333333333333,1.4166666666666667,4.5,Aberdeen,0,no,orange,1
633,NA,NA,NA,NA,NA,NA,NA,NA,NA,NA,Aberdeen,6,yes,orange,1
634,2.2,2.25,1.8181818181818181,2.5454545454545454,3.15,3.5454545454545454,3.5,2.75,2.75,4.166666666666667,Aberdeen,5,yes,orange,4
635,2.3333333333333335,1.75,2.8181818181818183,2.272727272727273,2.7,3.909090909090909,3.5,3.9166666666666665,2.25,3.25,Aberdeen,3,intermediate,black,10
636,2.3,2.75,2.1818181818181817,2.090909090909091,3.6,3.4545454545454546,4.25,3.6666666666666665,3.6666666666666665,3.6666666666666665,Aberdeen,0,no,orange,7
637,2.3333333333333335,2.75,2.3636363636363638,2,3.55,3.6363636363636362,3.1666666666666665,2.6666666666666665,3.1666666666666665,4.25,Aberdeen,6,yes,black,5
638,1.6333333333333333,1.875,1.6363636363636365,1.4545454545454546,2.8,3.1818181818181817,4.833333333333333,3.6666666666666665,2.6666666666666665,3.5,Aberdeen,6,yes,orange,6
639,2.566666666666667,2.75,2.090909090909091,2.909090909090909,2.8,2.909090909090909,3.1666666666666665,3.4166666666666665,3.6666666666666665,3.4166666666666665,Aberdeen,0,no,orange,4
640,2.466666666666667,2.125,2.727272727272727,2.4545454545454546,3.2,3,3.4166666666666665,3,3.6666666666666665,3.75,Aberdeen,4,yes,black,1
641,1.7666666666666666,1.875,1.5454545454545454,1.9090909090909092,2.1,4.363636363636363,4.583333333333333,3.9166666666666665,1.3333333333333333,4,Aberdeen,0,no,black,10
642,2.1333333333333333,1.75,2.272727272727273,2.272727272727273,2.2,3.727272727272727,3.8333333333333335,3.75,2.6666666666666665,3.4166666666666665,Aberdeen,6,yes,black,3
643,1.9333333333333333,2,2.3636363636363638,1.4545454545454546,2.3,3.909090909090909,4.166666666666667,NA,2.1666666666666665,4.083333333333333,Aberdeen,6,yes,orange,3
644,3,2.625,3.3636363636363638,2.909090909090909,3.5,3.272727272727273,3,2.6666666666666665,3.6666666666666665,3.1666666666666665,Aberdeen,2,intermediate,black,4
700,2.3333333333333335,2.25,2.5454545454545454,2.1818181818181817,3.1,2.6363636363636362,3.6666666666666665,3.3333333333333335,2.8333333333333335,3.0833333333333335,Essex,6,yes,black,1
701,2.7,2.75,2.6363636363636362,2.727272727272727,4.25,4.454545454545454,4.333333333333333,2.8333333333333335,2.5833333333333335,4.083333333333333,Essex,6,yes,orange,2
702,2,2,1.7272727272727273,2.272727272727273,3.6,2.727272727272727,4.75,2.75,2.6666666666666665,4.416666666666667,Essex,0,no,orange,1
703,2.2333333333333334,2.5,2.3636363636363638,1.9090909090909092,2.95,3.5454545454545454,2.75,2.5833333333333335,3.5833333333333335,4,Essex,4,yes,black,4
704,2.2666666666666666,2,2.3636363636363638,2.3636363636363638,2.15,3.5454545454545454,3,4.083333333333333,3.0833333333333335,3.9166666666666665,Essex,3,intermediate,orange,1
705,2.433333333333333,2.375,2.5454545454545454,2.3636363636363638,3.8,3,3.9166666666666665,2.8333333333333335,3.5833333333333335,3.8333333333333335,Essex,6,yes,black,1
706,2.2333333333333334,2.75,2.1818181818181817,1.9090909090909092,3.6,2.909090909090909,3.6666666666666665,3.25,3.3333333333333335,3.75,Essex,6,yes,orange,3
707,2.033333333333333,2.375,1.9090909090909092,1.9090909090909092,2.65,2.6363636363636362,2.9166666666666665,3.4166666666666665,2.5833333333333335,2.9166666666666665,Essex,6,yes,black,3
708,1.9,1.625,1.9090909090909092,2.090909090909091,2.7,3.727272727272727,4.083333333333333,3.5,2.0833333333333335,4.166666666666667,Essex,0,no,black,3
709,1.9333333333333333,2.625,1.7272727272727273,1.6363636363636365,3.6,2.272727272727273,4.5,3.0833333333333335,4.583333333333333,3.3333333333333335,Essex,0,no,orange,3
710,2.6,3.75,2.3636363636363638,2,2.15,3.8181818181818183,4.5,4.333333333333333,2.5833333333333335,4.166666666666667,Essex,6,yes,orange,1
711,1.7333333333333334,1.5,1.7272727272727273,1.9090909090909092,1.75,4.2727272727272725,4.416666666666667,4.666666666666667,1.75,4.583333333333333,Essex,1,no,orange,1
712,2.1333333333333333,2.125,2,2.272727272727273,2.4,3.4545454545454546,4.5,3.75,2.9166666666666665,2.6666666666666665,Essex,6,yes,black,3
713,1.8,1.75,1.3636363636363635,2.272727272727273,2.4,2.272727272727273,4.083333333333333,3.75,3.3333333333333335,4.083333333333333,Essex,6,yes,orange,1
714,2,2,2.4545454545454546,1.5454545454545454,2.15,3.6363636363636362,4.166666666666667,4.5,1.9166666666666667,4,Essex,6,yes,orange,3
715,2.1,2.125,2.272727272727273,1.9090909090909092,3.75,4.363636363636363,2.3333333333333335,2.25,2.1666666666666665,4.666666666666667,Essex,1,no,orange,1
716,2.8,3.125,3.272727272727273,2.090909090909091,2.75,4.090909090909091,2.8333333333333335,3.3333333333333335,3.4166666666666665,4.166666666666667,Essex,4,yes,black,1
717,2.433333333333333,2.5,2.4545454545454546,2.3636363636363638,3.3,3.1818181818181817,2.75,2.8333333333333335,2.75,3.8333333333333335,Essex,0,no,black,5
718,2.2333333333333334,2.375,2.1818181818181817,2.1818181818181817,2.85,4.818181818181818,4.166666666666667,3.8333333333333335,3.1666666666666665,4.666666666666667,Essex,6,yes,orange,3
719,1.8666666666666667,1.75,1.9090909090909092,1.9090909090909092,2.35,4.181818181818182,4.166666666666667,3.5,3.1666666666666665,4,Essex,6,yes,black,2
720,NA,NA,NA,NA,NA,NA,NA,NA,NA,NA,Essex,6,yes,black,1
722,2.2666666666666666,2,2.8181818181818183,1.9090909090909092,2.9,3.727272727272727,3.9166666666666665,4.333333333333333,2.6666666666666665,4,Essex,6,yes,black,1
723,2.533333333333333,2.75,2.090909090909091,2.8181818181818183,4.15,3.090909090909091,3.6666666666666665,2.4166666666666665,4.5,3.5833333333333335,Essex,2,intermediate,orange,2
724,2.2666666666666666,2.75,2.1818181818181817,2,3.75,3.3636363636363638,4.083333333333333,2.8333333333333335,3.4166666666666665,4,Essex,6,yes,black,3
725,2.8666666666666667,2.875,2.5454545454545454,3.1818181818181817,4,2.727272727272727,4.416666666666667,3.5,4.5,3.5833333333333335,Essex,3,intermediate,orange,2
727,2.2333333333333334,2,2.272727272727273,2.3636363636363638,2.75,3.727272727272727,3.9166666666666665,3,2.8333333333333335,3.6666666666666665,Essex,6,yes,black,2
728,1.9,1.625,1.6363636363636365,2.3636363636363638,3,3.5454545454545454,3.9166666666666665,3.3333333333333335,2.9166666666666665,3.4166666666666665,Essex,0,no,black,1
729,2.3333333333333335,2.25,2.5454545454545454,2.1818181818181817,3.85,3.272727272727273,4.083333333333333,2.8333333333333335,3,3.5833333333333335,Essex,6,yes,orange,1
730,2.2666666666666666,2.25,2,2.5454545454545454,3.2,3.5454545454545454,4,2.9166666666666665,2.5833333333333335,3.1666666666666665,Essex,6,yes,orange,5
731,NA,NA,NA,NA,NA,NA,NA,NA,NA,NA,Essex,1,no,black,1
732,1.9,1.875,2.3636363636363638,1.4545454545454546,2.75,3.4545454545454546,4.666666666666667,4,3.9166666666666665,4.916666666666667,Essex,6,yes,black,1
733,2.066666666666667,2.25,1.8181818181818181,2.1818181818181817,1.7,2.8181818181818183,4.166666666666667,3.3333333333333335,3.9166666666666665,3.25,Essex,6,yes,black,2
734,3.1333333333333333,3,3.4545454545454546,2.909090909090909,3.2,3.090909090909091,4,2.8333333333333335,4.083333333333333,3.5,Essex,6,yes,black,4
736,1.8,1.875,1.8181818181818181,1.7272727272727273,2.35,4.181818181818182,4.416666666666667,3.3333333333333335,2.4166666666666665,4.083333333333333,Essex,6,yes,orange,1
737,1.4666666666666666,1.625,1.5454545454545454,1.2727272727272727,2.75,2.5454545454545454,4.166666666666667,4.333333333333333,1.9166666666666667,4.333333333333333,Essex,6,yes,orange,6
738,2.033333333333333,2.25,1.9090909090909092,2,2.9,3.727272727272727,4.166666666666667,3.5833333333333335,3.1666666666666665,4.083333333333333,Essex,5,yes,orange,3
739,2,2.125,1.9090909090909092,2,2.75,4.2727272727272725,4,3.75,3.5833333333333335,3.8333333333333335,Essex,6,yes,black,2
741,1.5333333333333334,1.875,1.4545454545454546,1.3636363636363635,2.1,3.4545454545454546,3.5833333333333335,4.416666666666667,3.0833333333333335,4.5,Essex,6,yes,orange,5
742,1.9666666666666666,1.75,2,2.090909090909091,2.6,3.3636363636363638,3.6666666666666665,3.6666666666666665,3.4166666666666665,4.166666666666667,Essex,6,yes,black,7
743,1.8666666666666667,1.625,1.6363636363636365,2.272727272727273,2.15,2.272727272727273,4,4.166666666666667,2.3333333333333335,3.4166666666666665,Essex,6,yes,orange,2
745,1.5666666666666667,2,1.5454545454545454,1.2727272727272727,2.85,3.090909090909091,4.083333333333333,4.25,1.3333333333333333,4.25,Essex,6,yes,orange,3
746,2.7666666666666666,2.625,2.727272727272727,2.909090909090909,3.15,4.181818181818182,4.25,3.5833333333333335,2.1666666666666665,3.75,Essex,6,yes,orange,1
747,2.2666666666666666,2.25,1.9090909090909092,2.6363636363636362,3.05,3.6363636363636362,3.8333333333333335,3.3333333333333335,3.25,3.5,Essex,6,yes,black,1
748,2.1,1.75,2.1818181818181817,2.272727272727273,3.6,2.272727272727273,3.9166666666666665,2.75,1.6666666666666667,4.25,Essex,1,no,black,3
749,2.466666666666667,2.625,2.6363636363636362,2.1818181818181817,3.55,3.4545454545454546,4.083333333333333,2.8333333333333335,3.0833333333333335,3.5,Essex,0,no,orange,3
750,2.3333333333333335,3.5,1.9090909090909092,1.9090909090909092,2.95,3.727272727272727,2.8333333333333335,3.1666666666666665,4.416666666666667,3.6666666666666665,Essex,6,yes,black,1
751,1.7333333333333334,1.875,1.7272727272727273,1.6363636363636365,2.05,3.090909090909091,4,4.583333333333333,2.75,3.5,Essex,0,no,orange,1
752,2.3666666666666667,3.25,1.9090909090909092,2.1818181818181817,3.6,3,2.3333333333333335,3.4166666666666665,3.4166666666666665,3.6666666666666665,Essex,2,intermediate,black,3
754,2.2333333333333334,1.75,2.4545454545454546,2.3636363636363638,2.8,4.090909090909091,3.1666666666666665,3.3333333333333335,2.4166666666666665,3.75,Essex,6,yes,black,1
756,2.2,2.375,2.272727272727273,2,3.15,3.909090909090909,3.4166666666666665,3.5833333333333335,2.25,4,Essex,6,yes,orange,2
757,2.3333333333333335,3,2.272727272727273,1.9090909090909092,4.25,3.090909090909091,3.1666666666666665,2.8333333333333335,3.3333333333333335,3.8333333333333335,Essex,6,yes,black,1
758,3.1,2.875,2.909090909090909,3.4545454545454546,3.3,2.5454545454545454,2,2.25,4,2.3333333333333335,Essex,6,yes,orange,1
759,2.8,3,2.727272727272727,2.727272727272727,4,3,3.6666666666666665,2.0833333333333335,4.5,3.9166666666666665,Essex,6,yes,orange,2
762,1.9333333333333333,2,1.6363636363636365,2.1818181818181817,2.85,2.8181818181818183,2.5833333333333335,2.6666666666666665,3.8333333333333335,2.3333333333333335,Essex,0,no,orange,6
763,2.8666666666666667,2.625,3.272727272727273,2.6363636363636362,4.1,3.909090909090909,3.1666666666666665,2.5,2.8333333333333335,3.5833333333333335,Essex,6,yes,orange,3
765,2.2333333333333334,2.625,2.3636363636363638,1.8181818181818181,2.9,3.6363636363636362,2.6666666666666665,3.3333333333333335,3.5833333333333335,3.6666666666666665,Essex,1,no,black,1
766,1.9333333333333333,2.125,1.8181818181818181,1.9090909090909092,2.25,4.363636363636363,4.083333333333333,3.4166666666666665,3.3333333333333335,4.25,Essex,6,yes,black,1
767,2.1333333333333333,1.75,2.090909090909091,2.4545454545454546,2.7,4,3.75,4.25,2.9166666666666665,3.5,Essex,6,yes,orange,2
768,1.7,1.625,1.4545454545454546,2,2.75,3.6363636363636362,4.5,4.416666666666667,3.3333333333333335,4.25,Essex,6,yes,black,1
770,2.3,2.25,2.3636363636363638,2.272727272727273,3.05,3.4545454545454546,4.25,3.8333333333333335,2.4166666666666665,3.1666666666666665,Essex,0,no,black,3
771,2.1666666666666665,2.25,2.1818181818181817,2.090909090909091,2.2,4.181818181818182,3.8333333333333335,4.416666666666667,3.3333333333333335,3.3333333333333335,Essex,1,no,black,4
772,1.8666666666666667,2,2,1.6363636363636365,2.3,4,4.333333333333333,3,3.5833333333333335,4.666666666666667,Essex,0,no,orange,1
773,2.2666666666666666,2,2.4545454545454546,2.272727272727273,3.25,3.8181818181818183,3.3333333333333335,3.4166666666666665,4.166666666666667,4.666666666666667,Essex,6,yes,black,1
774,2.2333333333333334,2.125,2.1818181818181817,2.3636363636363638,2,3.6363636363636362,3.75,3.9166666666666665,3.75,4.416666666666667,Essex,6,yes,orange,2
775,1.5666666666666667,1.875,1.5454545454545454,1.3636363636363635,1.4,3.909090909090909,3.5,4.166666666666667,3.9166666666666665,4,Essex,3,intermediate,orange,10
776,1.9,2,1.5454545454545454,2.1818181818181817,1.5,3.3636363636363638,4.416666666666667,4.333333333333333,3.4166666666666665,3.25,Essex,6,yes,orange,2
777,2.7,2.625,3.1818181818181817,2.272727272727273,3.1,3.909090909090909,3.4166666666666665,3.0833333333333335,3.0833333333333335,3.5833333333333335,Essex,6,yes,orange,2
778,2.1666666666666665,2.125,1.6363636363636365,2.727272727272727,3.15,2.1818181818181817,3.6666666666666665,3.1666666666666665,3.9166666666666665,3.6666666666666665,Essex,6,yes,orange,2
779,1.7666666666666666,1.75,1.9090909090909092,1.6363636363636365,2.3,4.363636363636363,4.166666666666667,3.9166666666666665,2.4166666666666665,4.166666666666667,Essex,1,no,black,1
780,1.7333333333333334,1.375,2,1.7272727272727273,2.1,3.5454545454545454,4.333333333333333,3.8333333333333335,3.0833333333333335,3.75,Essex,6,yes,orange,2
783,1.4666666666666666,1.375,1.8181818181818181,1.1818181818181819,2.65,3.6363636363636362,3.5833333333333335,4.75,2.8333333333333335,4.583333333333333,Essex,0,no,orange,4
784,1.8333333333333333,1.75,1.7272727272727273,2,1.85,4.090909090909091,3.3333333333333335,3.75,2.9166666666666665,3.9166666666666665,Essex,1,no,black,3
785,1.8666666666666667,1.75,1.9090909090909092,1.9090909090909092,2.5,2.5454545454545454,3.3333333333333335,4.333333333333333,4.083333333333333,3.3333333333333335,Essex,2,intermediate,black,1
786,3.2333333333333334,3.875,2.909090909090909,3.090909090909091,4.35,4.363636363636363,3.5,2.25,2,3.8333333333333335,Essex,6,yes,orange,1
787,2.6666666666666665,2.625,2.909090909090909,2.4545454545454546,3.95,3.4545454545454546,4.083333333333333,3.5,4.333333333333333,4.583333333333333,Essex,4,yes,black,3
788,1.7333333333333334,1.375,2.090909090909091,1.6363636363636365,1.9,3.4545454545454546,3.9166666666666665,4.833333333333333,1.5,4.333333333333333,Essex,6,yes,black,1
791,2.8,3,2.5454545454545454,2.909090909090909,3.35,2.4545454545454546,3.8333333333333335,3.3333333333333335,4.666666666666667,4.25,Essex,0,no,black,4
792,2.066666666666667,2.25,1.4545454545454546,2.5454545454545454,3.7,2.1818181818181817,4.416666666666667,3,2.25,3.5833333333333335,Essex,6,yes,orange,4
793,2.033333333333333,2.125,1.9090909090909092,2.090909090909091,2,3.727272727272727,4,3.6666666666666665,2.8333333333333335,3.25,Essex,6,yes,orange,4
795,2.1666666666666665,2.375,2.1818181818181817,2,3.7,3.909090909090909,4.416666666666667,2.9166666666666665,2.75,3.9166666666666665,Essex,1,no,orange,3
796,1.8666666666666667,1.625,1.6363636363636365,2.272727272727273,1.8,4.545454545454546,3.6666666666666665,4.333333333333333,1.75,3.8333333333333335,Essex,6,yes,orange,2
797,1.8666666666666667,2,2.1818181818181817,1.4545454545454546,2.55,3.090909090909091,3.9166666666666665,3.8333333333333335,2.25,4.333333333333333,Essex,6,yes,black,3
798,1.4666666666666666,1.5,1.6363636363636365,1.2727272727272727,1.6,4.545454545454546,4.25,4.666666666666667,1.75,4,Essex,6,yes,black,1
799,2.033333333333333,2.25,1.4545454545454546,2.4545454545454546,2.7,2.8181818181818183,4.166666666666667,3.5,3.4166666666666665,2.6666666666666665,Essex,6,yes,black,7
800,1.6666666666666667,1.375,1.9090909090909092,1.6363636363636365,1.9,4,4.333333333333333,4.416666666666667,2,3.8333333333333335,Essex,1,no,black,1
801,2,2.125,1.9090909090909092,2,2.65,4.090909090909091,3.9166666666666665,3.1666666666666665,2.5833333333333335,3.4166666666666665,Essex,6,yes,black,4
804,2.1,2.5,2.272727272727273,1.6363636363636365,3.05,4.545454545454546,3.75,3.9166666666666665,3.4166666666666665,3.5833333333333335,Essex,0,no,black,5
805,2.433333333333333,3.125,2.272727272727273,2.090909090909091,3.3,3.3636363636363638,3.6666666666666665,3.0833333333333335,3.3333333333333335,3.3333333333333335,Essex,6,yes,black,6
807,2.533333333333333,2.75,2.1818181818181817,2.727272727272727,4.25,2.6363636363636362,4.083333333333333,2.75,3.3333333333333335,3.1666666666666665,Essex,6,yes,black,5
808,1.6,1.625,1.8181818181818181,1.3636363636363635,1.7,3.8181818181818183,4.333333333333333,4.666666666666667,1.6666666666666667,4.083333333333333,Essex,6,yes,orange,6
809,1.5,1.625,1.5454545454545454,1.3636363636363635,2,2.727272727272727,3.75,4.75,1.8333333333333333,3.3333333333333335,Essex,6,yes,orange,1
812,2.4,2.125,3,2,3,3.909090909090909,3.0833333333333335,3.25,2.8333333333333335,3.6666666666666665,Essex,0,no,black,1
814,2.2,2.5,2.090909090909091,2.090909090909091,3,3.727272727272727,3.5,2.8333333333333335,3.0833333333333335,3.6666666666666665,Essex,0,no,orange,1
105,1.6666666666666667,1.5,1.6363636363636365,1.8181818181818181,2.35,4.363636363636363,4.75,4.416666666666667,2.8333333333333335,4.083333333333333,Aberdeen,1,no,NA,NA
305,NA,1.375,NA,1.0909090909090908,1,4.7272727272727275,3.6666666666666665,4.75,3.9166666666666665,4.916666666666667,Aberdeen,6,yes,NA,NA
9,2.566666666666667,2.375,2.4545454545454546,2.8181818181818183,4.15,4.363636363636363,3.75,2.1666666666666665,2.6666666666666665,4,Aberdeen,6,yes,NA,NA
314,1.8666666666666667,1.625,1.9090909090909092,2,3.05,3.909090909090909,4,3.4166666666666665,3.1666666666666665,3.5833333333333335,Aberdeen,0,no,NA,NA
16,2,2.75,1.7272727272727273,1.7272727272727273,3.85,3.5454545454545454,3.75,2.0833333333333335,4.75,4.083333333333333,Aberdeen,6,yes,NA,NA
22,2.033333333333333,1.75,2.1818181818181817,2.090909090909091,2.9,3.8181818181818183,4.75,4,2.25,4.333333333333333,Aberdeen,0,no,NA,NA
25,2.066666666666667,2.25,2,2,2.85,3.1818181818181817,4.333333333333333,3.4166666666666665,2.4166666666666665,3.5,Aberdeen,6,yes,NA,NA
107,1.8,1.75,1.7272727272727273,1.9090909090909092,2.75,2.1818181818181817,4.25,3.5833333333333335,2.8333333333333335,4.166666666666667,Aberdeen,6,yes,NA,NA
33,2.033333333333333,2,1.8181818181818181,2.272727272727273,3.95,2.6363636363636362,3.5,2.5833333333333335,2.4166666666666665,3.75,Aberdeen,6,yes,NA,NA
118,2.2333333333333334,2.5,2.3636363636363638,1.9090909090909092,3.45,4.090909090909091,3.75,2.9166666666666665,4.083333333333333,4.416666666666667,Aberdeen,6,yes,NA,NA
126,NA,NA,1.5454545454545454,2.090909090909091,4.2,3.909090909090909,3.9166666666666665,3.0833333333333335,4.083333333333333,4.416666666666667,Aberdeen,0,no,NA,NA
414,2.566666666666667,2.875,2.090909090909091,2.8181818181818183,4.45,2.1818181818181817,3.5833333333333335,2.3333333333333335,3,4,Aberdeen,2,intermediate,NA,NA
425,1.7666666666666666,1.375,2.272727272727273,1.5454545454545454,2.15,4.2727272727272725,4.083333333333333,4.666666666666667,2.4166666666666665,4.666666666666667,Aberdeen,0,no,NA,NA
429,1.8666666666666667,1.625,2.1818181818181817,1.7272727272727273,2.1,4.454545454545454,4.5,4.166666666666667,2.1666666666666665,4.5,Aberdeen,0,no,NA,NA
501,2.433333333333333,2.875,2.1818181818181817,2.3636363636363638,3.4,3,3.5,3.25,3.5833333333333335,4.25,Aberdeen,6,yes,NA,NA
502,1.9333333333333333,2.125,1.8181818181818181,1.9090909090909092,2.9,3.6363636363636362,4.083333333333333,3.75,2.3333333333333335,3.6666666666666665,Aberdeen,1,no,NA,NA
504,2.4,2.25,2.3636363636363638,2.5454545454545454,3.3,2.727272727272727,3.8333333333333335,2.5833333333333335,2.9166666666666665,3.5,Aberdeen,6,yes,NA,NA
506,2.3666666666666667,2.125,3.1818181818181817,1.7272727272727273,3,3.090909090909091,3.25,3.6666666666666665,2.6666666666666665,3.25,Aberdeen,2,intermediate,NA,NA
507,1.7333333333333334,2,1.5454545454545454,1.7272727272727273,3,3.8181818181818183,4.666666666666667,3.75,2.3333333333333335,3.4166666666666665,Aberdeen,4,yes,NA,NA
508,1.6333333333333333,1.375,1.8181818181818181,1.6363636363636365,1.5,4.7272727272727275,3.4166666666666665,4.333333333333333,2.25,4.166666666666667,Aberdeen,6,yes,NA,NA
509,1.9,2.5,1.6363636363636365,1.7272727272727273,1.6,3.4545454545454546,4.083333333333333,4.5,4.333333333333333,3.4166666666666665,Aberdeen,0,no,NA,NA
510,2.1333333333333333,2.125,2.090909090909091,2.1818181818181817,2.25,3,3.5,3.5833333333333335,2.25,3.6666666666666665,Aberdeen,2,intermediate,NA,NA
512,1.6666666666666667,1.375,1.5454545454545454,2,3.25,3.4545454545454546,3.8333333333333335,3.6666666666666665,1.0833333333333333,3.1666666666666665,Aberdeen,6,yes,NA,NA
513,1.8666666666666667,2.375,1.8181818181818181,1.5454545454545454,3.65,3.5454545454545454,4,3.5,4.25,4.083333333333333,Aberdeen,0,no,NA,NA
514,1.4666666666666666,1.5,1.6363636363636365,1.2727272727272727,2.35,3.3636363636363638,4.166666666666667,4.5,4,4.333333333333333,Aberdeen,1,no,NA,NA
515,2.066666666666667,2.25,2,2,3.7,3.272727272727273,2.6666666666666665,3.5833333333333335,3.3333333333333335,4,Aberdeen,1,no,NA,NA
517,1.8666666666666667,1.875,1.6363636363636365,2.090909090909091,3.15,2.5454545454545454,3.8333333333333335,3.8333333333333335,3.3333333333333335,3.6666666666666665,Aberdeen,6,yes,NA,NA
601,1.6666666666666667,1.75,1.8181818181818181,1.4545454545454546,3.55,3.272727272727273,3.6666666666666665,3.4166666666666665,2,4.166666666666667,Aberdeen,0,no,NA,NA
602,1.8666666666666667,2,2,1.6363636363636365,2.15,3.3636363636363638,4.5,4.083333333333333,2.1666666666666665,3.4166666666666665,Aberdeen,6,yes,NA,NA
645,1.9,1.75,1.7272727272727273,2.1818181818181817,2.35,2,4.5,3.25,2.25,3.6666666666666665,Aberdeen,6,yes,NA,NA
721,1.7666666666666666,1.75,1.8181818181818181,1.7272727272727273,3.1,3.909090909090909,3.75,3.4166666666666665,1.5833333333333333,4.166666666666667,Essex,6,yes,NA,NA
726,1.9666666666666666,2.625,1.8181818181818181,1.6363636363636365,3.7,3.3636363636363638,4.083333333333333,3.5,3.25,4.166666666666667,Essex,0,no,NA,NA
735,1.4,1.25,1.6363636363636365,1.2727272727272727,2.3,3.8181818181818183,3.8333333333333335,4.166666666666667,1.5,4.166666666666667,Essex,6,yes,NA,NA
740,2.3333333333333335,2.375,2.090909090909091,2.5454545454545454,3.85,2.4545454545454546,3.75,2.8333333333333335,4.25,4.416666666666667,Essex,6,yes,NA,NA
744,1.8,2.125,1.4545454545454546,1.9090909090909092,3,2.909090909090909,3.5,3.6666666666666665,3.1666666666666665,4.166666666666667,Essex,6,yes,NA,NA
753,2.3,1.875,2.3636363636363638,2.5454545454545454,2.75,2.727272727272727,4,3.8333333333333335,2.3333333333333335,3,Essex,6,yes,NA,NA
755,1.7666666666666666,1.875,1.8181818181818181,1.6363636363636365,3.3,2.6363636363636362,3.4166666666666665,2.5833333333333335,3.6666666666666665,4,Essex,0,no,NA,NA
760,1.7666666666666666,1.875,1.3636363636363635,2.090909090909091,3.4,3.1818181818181817,4.416666666666667,2.8333333333333335,3.3333333333333335,3.6666666666666665,Essex,6,yes,NA,NA
761,2.1,2.25,2,2.090909090909091,3.3,2.6363636363636362,4.583333333333333,3,3.1666666666666665,3.25,Essex,6,yes,NA,NA
764,2.3,2.75,2,2.272727272727273,4.25,2.090909090909091,4.166666666666667,3.8333333333333335,3.4166666666666665,4,Essex,6,yes,NA,NA
769,2.3333333333333335,2.5,2.5454545454545454,2,3.05,2.090909090909091,4.416666666666667,3.3333333333333335,2.75,4.083333333333333,Essex,6,yes,NA,NA
781,1.6333333333333333,2,1.8181818181818181,1.1818181818181819,3,4.090909090909091,4.166666666666667,3.5,2.6666666666666665,4.583333333333333,Essex,6,yes,NA,NA
782,2.3,2.75,1.9090909090909092,2.3636363636363638,3.05,2.727272727272727,4,2.8333333333333335,2.5,3.75,Essex,6,yes,NA,NA
789,2.3666666666666667,2.875,2,2.3636363636363638,3.2,3.4545454545454546,3.4166666666666665,2.6666666666666665,4.083333333333333,3.75,Essex,6,yes,NA,NA
790,2.033333333333333,1.875,2,2.1818181818181817,2.5,3.727272727272727,3.6666666666666665,4.083333333333333,2.8333333333333335,3.75,Essex,6,yes,NA,NA
794,1.7333333333333334,1.625,1.9090909090909092,1.6363636363636365,1.75,4.454545454545454,4.666666666666667,4.833333333333333,2.4166666666666665,4.666666666666667,Essex,2,intermediate,NA,NA
802,1.7333333333333334,1.625,1.9090909090909092,1.6363636363636365,1.85,3.5454545454545454,4.333333333333333,4.416666666666667,2.5833333333333335,4.166666666666667,Essex,6,yes,NA,NA
803,1.8333333333333333,2.375,1.7272727272727273,1.5454545454545454,3.45,2.6363636363636362,3.9166666666666665,4.5,4.083333333333333,4.416666666666667,Essex,6,yes,NA,NA
806,1.9666666666666666,2.25,1.7272727272727273,2,2.05,2.909090909090909,4.333333333333333,3.4166666666666665,4.083333333333333,3.0833333333333335,Essex,6,yes,NA,NA
810,2.3,2,2.4545454545454546,2.3636363636363638,2.75,3.5454545454545454,3.9166666666666665,3.6666666666666665,2.8333333333333335,3.5833333333333335,Essex,6,yes,NA,NA
811,1.5,2,1.3636363636363635,1.2727272727272727,2.3,2.3636363636363638,3.5833333333333335,4.833333333333333,3.9166666666666665,3.9166666666666665,Essex,6,yes,NA,NA
813,2.4,2,3.090909090909091,2,2.6,4,4.25,3.4166666666666665,3.9166666666666665,5,Essex,1,no,NA,NA
900,2.1,2.5,1.7272727272727273,2.1818181818181817,2.6,1.1818181818181819,3.5833333333333335,3.1666666666666665,3.8333333333333335,3.1666666666666665,Aberdeen,6,yes,NA,NA
901,2.2,2.5,2.1818181818181817,2,2.8,4,4.083333333333333,3.8333333333333335,4.166666666666667,4,Aberdeen,6,yes,NA,NA
902,1.5333333333333334,1.5,1.3636363636363635,1.7272727272727273,1.7,3.272727272727273,4.166666666666667,4.166666666666667,2.3333333333333335,4.333333333333333,Aberdeen,6,yes,NA,NA
2,NA,NA,NA,NA,NA,NA,NA,NA,NA,NA,Aberdeen,0,no,NA,NA
3,NA,NA,NA,NA,NA,NA,NA,NA,NA,NA,Aberdeen,6,yes,NA,NA
102,NA,NA,NA,NA,NA,NA,NA,NA,NA,NA,Aberdeen,0,no,NA,NA
434,NA,NA,NA,NA,NA,NA,NA,NA,NA,NA,Aberdeen,0,no,NA,NA
511,NA,NA,NA,NA,NA,NA,NA,NA,NA,NA,Aberdeen,1,no,NA,NA
