person,site,n_pc,pre_crastinate,prop_hard,targ_side_rel,median_rt,accuracy
6,Aberdeen,6,yes,0.8968360071301248,absent,12.753,0.7872340425531915
6,Aberdeen,6,yes,0.8968360071301248,easy,0.996,1
6,Aberdeen,6,yes,0.8968360071301248,hard,7.243,0.5217391304347826
9,Aberdeen,6,yes,0.5796981077567529,absent,14.7,1
9,Aberdeen,6,yes,0.5796981077567529,easy,1.053,1
9,Aberdeen,6,yes,0.5796981077567529,hard,11.185,0.375
11,Aberdeen,6,yes,0.5935569498069498,absent,4.766,0.9166666666666666
11,Aberdeen,6,yes,0.5935569498069498,easy,0.8534999999999999,0.9583333333333334
11,Aberdeen,6,yes,0.5935569498069498,hard,4.418,0.25
12,Aberdeen,1,no,0.6073986563018504,absent,6.6905,0.875
12,Aberdeen,1,no,0.6073986563018504,easy,1.248,1
12,Aberdeen,1,no,0.6073986563018504,hard,5.8085,0.25
13,Aberdeen,0,no,0.7460107835107835,absent,4.4185,1
13,Aberdeen,0,no,0.7460107835107835,easy,1.0510000000000002,1
13,Aberdeen,0,no,0.7460107835107835,hard,3.7435,0.25
15,Aberdeen,1,no,0.5580094537815126,absent,4.9,0.8297872340425532
15,Aberdeen,1,no,0.5580094537815126,easy,0.6785000000000001,1
15,Aberdeen,1,no,0.5580094537815126,hard,4.025,0.4782608695652174
16,Aberdeen,6,yes,0.5522005438286659,absent,22.5625,1
16,Aberdeen,6,yes,0.5522005438286659,easy,1.11,1
16,Aberdeen,6,yes,0.5522005438286659,hard,15.354500000000002,0.7916666666666666
17,Aberdeen,1,no,0.5753234363557677,absent,8.6645,0.9375
17,Aberdeen,1,no,0.5753234363557677,easy,0.885,1
17,Aberdeen,1,no,0.5753234363557677,hard,7.602499999999999,0.3333333333333333
18,Aberdeen,1,no,0.3680555555555555,absent,5.188,0.8297872340425532
18,Aberdeen,1,no,0.3680555555555555,easy,0.8035000000000001,0.9583333333333334
18,Aberdeen,1,no,0.3680555555555555,hard,4.0265,0.20833333333333334
19,Aberdeen,6,yes,0.4225901377064168,absent,7.449,0.9583333333333334
19,Aberdeen,6,yes,0.4225901377064168,easy,1.0745,0.9583333333333334
19,Aberdeen,6,yes,0.4225901377064168,hard,5.8665,0.16666666666666666
21,Aberdeen,0,no,0.786164475901584,absent,4.497,0.9787234042553191
21,Aberdeen,0,no,0.786164475901584,easy,0.709,1
21,Aberdeen,0,no,0.786164475901584,hard,2.621,0.5416666666666666
22,Aberdeen,0,no,0.35462077627420796,absent,44.141999999999996,0.8958333333333334
22,Aberdeen,0,no,0.35462077627420796,easy,3.2344999999999997,0.9583333333333334
22,Aberdeen,0,no,0.35462077627420796,hard,36.782,0.2916666666666667
23,Aberdeen,0,no,0.719946509009009,absent,19.986,0.851063829787234
23,Aberdeen,0,no,0.719946509009009,easy,1.1524999999999999,1
23,Aberdeen,0,no,0.719946509009009,hard,13.157,0.6818181818181818
24,Aberdeen,1,no,0.2910987768527084,absent,20.256,0.9791666666666666
24,Aberdeen,1,no,0.2910987768527084,easy,1.0125,1
24,Aberdeen,1,no,0.2910987768527084,hard,15.024000000000001,0.75
25,Aberdeen,6,yes,0.6643846238358434,absent,23.661,0.8958333333333334
25,Aberdeen,6,yes,0.6643846238358434,easy,1.719,0.9565217391304348
25,Aberdeen,6,yes,0.6643846238358434,hard,19.9485,0.16666666666666666
26,Aberdeen,6,yes,0.5512485481997677,absent,19.704500000000003,0.9791666666666666
26,Aberdeen,6,yes,0.5512485481997677,easy,1.0979999999999999,1
26,Aberdeen,6,yes,0.5512485481997677,hard,17.4665,0.4166666666666667
27,Aberdeen,0,no,0.3048749692042375,absent,18.4665,0.9583333333333334
27,Aberdeen,0,no,0.3048749692042375,easy,0.877,1
27,Aberdeen,0,no,0.3048749692042375,hard,14.067,0.5
28,Aberdeen,0,no,0.6198717948717949,absent,9.014,0.8958333333333334
28,Aberdeen,0,no,0.6198717948717949,easy,1.1005,1
28,Aberdeen,0,no,0.6198717948717949,hard,7.715999999999999,0.4166666666666667
29,Aberdeen,4,yes,0.5743662224403503,absent,10.6945,0.9166666666666666
29,Aberdeen,4,yes,0.5743662224403503,easy,0.8195,0.9583333333333334
29,Aberdeen,4,yes,0.5743662224403503,hard,6.688,0.30434782608695654
32,Aberdeen,0,no,0.2625565273131196,absent,13.475000000000001,0.75
32,Aberdeen,0,no,0.2625565273131196,easy,0.96,1
32,Aberdeen,0,no,0.2625565273131196,hard,7.789,0.6086956521739131
33,Aberdeen,6,yes,0.40939754689754687,absent,21.512,1
33,Aberdeen,6,yes,0.40939754689754687,easy,1.3405,1
33,Aberdeen,6,yes,0.40939754689754687,hard,20.269,0.16666666666666666
35,Aberdeen,6,yes,0.4295621657754011,absent,8.256499999999999,0.9583333333333334
35,Aberdeen,6,yes,0.4295621657754011,easy,0.899,1
35,Aberdeen,6,yes,0.4295621657754011,hard,6.649,0.30434782608695654
38,Aberdeen,0,no,0.2513565891472868,absent,22.329,0.9791666666666666
38,Aberdeen,0,no,0.2513565891472868,easy,1.213,1
38,Aberdeen,0,no,0.2513565891472868,hard,20.247999999999998,0.2916666666666667
39,Aberdeen,6,yes,0.4468196395191302,absent,12.3235,1
39,Aberdeen,6,yes,0.4468196395191302,easy,0.89,1
39,Aberdeen,6,yes,0.4468196395191302,hard,10.954,0.5
40,Aberdeen,0,no,0.15743321718931474,absent,12.605,0.875
40,Aberdeen,0,no,0.15743321718931474,easy,0.665,0.9565217391304348
40,Aberdeen,0,no,0.15743321718931474,hard,10.7875,0.4583333333333333
42,Aberdeen,3,intermediate,0.37408845788522227,absent,14.3245,1
42,Aberdeen,3,intermediate,0.37408845788522227,easy,1.694,0.875
42,Aberdeen,3,intermediate,0.37408845788522227,hard,12.516,0.4782608695652174
44,Aberdeen,6,yes,0.7229300385109114,absent,8.745000000000001,0.9166666666666666
44,Aberdeen,6,yes,0.7229300385109114,easy,1.04,1
44,Aberdeen,6,yes,0.7229300385109114,hard,8.2325,0.16666666666666666
45,Aberdeen,6,yes,0.4209438131313131,absent,17.66,0.9583333333333334
45,Aberdeen,6,yes,0.4209438131313131,easy,1.3170000000000002,1
45,Aberdeen,6,yes,0.4209438131313131,hard,15.620000000000001,0.5416666666666666
46,Aberdeen,6,yes,0.836838911922338,absent,13.026,0.7708333333333334
46,Aberdeen,6,yes,0.836838911922338,easy,1.6235,1
46,Aberdeen,6,yes,0.836838911922338,hard,10.620000000000001,0.4166666666666667
103,Aberdeen,0,no,0.7078395277599684,absent,3.873,0.9166666666666666
103,Aberdeen,0,no,0.7078395277599684,easy,1.246,0.9130434782608695
103,Aberdeen,0,no,0.7078395277599684,hard,3.589,0.20833333333333334
104,Aberdeen,0,no,0.5720081453634085,absent,5.6225000000000005,0.875
104,Aberdeen,0,no,0.5720081453634085,easy,1.494,0.9166666666666666
104,Aberdeen,0,no,0.5720081453634085,hard,4.6145,0.3333333333333333
105,Aberdeen,1,no,0.2761904761904762,absent,12.799,0.9782608695652174
105,Aberdeen,1,no,0.2761904761904762,easy,1.063,0.9565217391304348
105,Aberdeen,1,no,0.2761904761904762,hard,12.1745,0.16666666666666666
107,Aberdeen,6,yes,0.28979328598231036,absent,36.021,0.9361702127659575
107,Aberdeen,6,yes,0.28979328598231036,easy,1.375,1
107,Aberdeen,6,yes,0.28979328598231036,hard,24.525,0.782608695652174
109,Aberdeen,6,yes,0.820925176188334,absent,9.1835,0.875
109,Aberdeen,6,yes,0.820925176188334,easy,1.2189999999999999,1
109,Aberdeen,6,yes,0.820925176188334,hard,8.055,0.13043478260869565
110,Aberdeen,1,no,0.256547619047619,absent,16.355,1
110,Aberdeen,1,no,0.256547619047619,easy,0.9115,1
110,Aberdeen,1,no,0.256547619047619,hard,14.8615,0.2916666666666667
111,Aberdeen,1,no,0.4176721224528076,absent,33.579,0.9791666666666666
111,Aberdeen,1,no,0.4176721224528076,easy,2.5875,0.9583333333333334
111,Aberdeen,1,no,0.4176721224528076,hard,31.1545,0.25
112,Aberdeen,0,no,0.2840479781656252,absent,31.147,1
112,Aberdeen,0,no,0.2840479781656252,easy,0.954,1
112,Aberdeen,0,no,0.2840479781656252,hard,25.302,0.6666666666666666
113,Aberdeen,5,yes,0.3890385510456289,absent,29.5915,0.9791666666666666
113,Aberdeen,5,yes,0.3890385510456289,easy,1.0365,1
113,Aberdeen,5,yes,0.3890385510456289,hard,24.4145,0.625
116,Aberdeen,0,no,0.5312123544823488,absent,2.9625,0.9166666666666666
116,Aberdeen,0,no,0.5312123544823488,easy,0.889,1
116,Aberdeen,0,no,0.5312123544823488,hard,2.8369999999999997,0.041666666666666664
118,Aberdeen,6,yes,0.7826235326235327,absent,13.8225,0.7916666666666666
118,Aberdeen,6,yes,0.7826235326235327,easy,1.3225,0.8333333333333334
118,Aberdeen,6,yes,0.7826235326235327,hard,11.507,0.625
120,Aberdeen,1,no,0.6330346130126426,absent,6.4045000000000005,1
120,Aberdeen,1,no,0.6330346130126426,easy,0.801,1
120,Aberdeen,1,no,0.6330346130126426,hard,5.6884999999999994,0.16666666666666666
123,Aberdeen,0,no,0.6039193022424729,absent,9.316,0.8723404255319149
123,Aberdeen,0,no,0.6039193022424729,easy,1.1880000000000002,0.9166666666666666
123,Aberdeen,0,no,0.6039193022424729,hard,6.1434999999999995,0.4583333333333333
125,Aberdeen,0,no,0.6758838383838384,absent,10.861,1
125,Aberdeen,0,no,0.6758838383838384,easy,1.616,0.9583333333333334
125,Aberdeen,0,no,0.6758838383838384,hard,8.9835,0.4583333333333333
126,Aberdeen,0,no,0.6796717171717171,absent,30.059,0.9787234042553191
126,Aberdeen,0,no,0.6796717171717171,easy,0.909,1
126,Aberdeen,0,no,0.6796717171717171,hard,20.0475,0.7083333333333334
300,Aberdeen,0,no,0.5457902604641736,absent,3.872,1
300,Aberdeen,0,no,0.5457902604641736,easy,1.134,0.9583333333333334
300,Aberdeen,0,no,0.5457902604641736,hard,3.8355,0.20833333333333334
302,Aberdeen,6,yes,0.7818722943722944,absent,7.755,0.8125
302,Aberdeen,6,yes,0.7818722943722944,easy,1.4625,0.9583333333333334
302,Aberdeen,6,yes,0.7818722943722944,hard,7.3345,0.4166666666666667
303,Aberdeen,6,yes,0.5791640740452672,absent,7.333,1
303,Aberdeen,6,yes,0.5791640740452672,easy,1.252,1
303,Aberdeen,6,yes,0.5791640740452672,hard,7.4825,0.3333333333333333
305,Aberdeen,6,yes,0.7901331311088642,absent,6.9025,1
305,Aberdeen,6,yes,0.7901331311088642,easy,1.807,0.9583333333333334
305,Aberdeen,6,yes,0.7901331311088642,hard,6.667,0.16666666666666666
306,Aberdeen,6,yes,0.44954434293097084,absent,27.0195,1
306,Aberdeen,6,yes,0.44954434293097084,easy,1.231,0.9583333333333334
306,Aberdeen,6,yes,0.44954434293097084,hard,13.761,0.782608695652174
308,Aberdeen,6,yes,0.7026553696072659,absent,2.443,1
308,Aberdeen,6,yes,0.7026553696072659,easy,1.03,0.875
308,Aberdeen,6,yes,0.7026553696072659,hard,2.133,0
310,Aberdeen,6,yes,0.46350247009574075,absent,33.2735,1
310,Aberdeen,6,yes,0.46350247009574075,easy,0.977,1
310,Aberdeen,6,yes,0.46350247009574075,hard,27.279,0.375
311,Aberdeen,0,no,0.6013710981221241,absent,14.571,0.9166666666666666
311,Aberdeen,0,no,0.6013710981221241,easy,0.961,1
311,Aberdeen,0,no,0.6013710981221241,hard,9.652,0.4782608695652174
313,Aberdeen,1,no,0.8916071243657451,absent,5.729,0.8723404255319149
313,Aberdeen,1,no,0.8916071243657451,easy,1.052,1
313,Aberdeen,1,no,0.8916071243657451,hard,5.742,0.375
314,Aberdeen,0,no,0.6406355645706558,absent,32.8755,0.9347826086956522
314,Aberdeen,0,no,0.6406355645706558,easy,2.064,1
314,Aberdeen,0,no,0.6406355645706558,hard,28.462000000000003,0.5
315,Aberdeen,6,yes,0.37559903864251687,absent,37.616,0.9583333333333334
315,Aberdeen,6,yes,0.37559903864251687,easy,1.4245,1
315,Aberdeen,6,yes,0.37559903864251687,hard,23.0135,0.5833333333333334
316,Aberdeen,0,no,0.5795193687230991,absent,24.997500000000002,1
316,Aberdeen,0,no,0.5795193687230991,easy,1.1945000000000001,1
316,Aberdeen,0,no,0.5795193687230991,hard,17.136,0.75
318,Aberdeen,6,yes,0.5114788437369082,absent,22.138,0.7872340425531915
318,Aberdeen,6,yes,0.5114788437369082,easy,1.275,1
318,Aberdeen,6,yes,0.5114788437369082,hard,18.417,0.4583333333333333
319,Aberdeen,6,yes,0.3867085489036709,absent,6.4835,0.9375
319,Aberdeen,6,yes,0.3867085489036709,easy,0.905,1
319,Aberdeen,6,yes,0.3867085489036709,hard,6.021,0.125
320,Aberdeen,0,no,0.5730118786987308,absent,20.613,1
320,Aberdeen,0,no,0.5730118786987308,easy,1.3725,0.9583333333333334
320,Aberdeen,0,no,0.5730118786987308,hard,13.7665,0.5416666666666666
321,Aberdeen,5,yes,0.5144927536231884,absent,4.8149999999999995,1
321,Aberdeen,5,yes,0.5144927536231884,easy,1.857,0.8695652173913043
321,Aberdeen,5,yes,0.5144927536231884,hard,4.281499999999999,0.041666666666666664
322,Aberdeen,6,yes,0.241535949498538,absent,29.868,1
322,Aberdeen,6,yes,0.241535949498538,easy,1.551,1
322,Aberdeen,6,yes,0.241535949498538,hard,25.4665,0.5
404,Aberdeen,6,yes,0.3521088725536358,absent,13.2545,0.9166666666666666
404,Aberdeen,6,yes,0.3521088725536358,easy,1.0219999999999998,0.9583333333333334
404,Aberdeen,6,yes,0.3521088725536358,hard,11.725999999999999,0.5416666666666666
405,Aberdeen,6,yes,0.7077260215247851,absent,7.954,1
405,Aberdeen,6,yes,0.7077260215247851,easy,1.03,0.9565217391304348
405,Aberdeen,6,yes,0.7077260215247851,hard,4.2095,0.625
406,Aberdeen,6,yes,0.4484610917537747,absent,7.126,0.9361702127659575
406,Aberdeen,6,yes,0.4484610917537747,easy,0.945,0.9565217391304348
406,Aberdeen,6,yes,0.4484610917537747,hard,8.232500000000002,0.125
407,Aberdeen,5,yes,0.40905572755417957,absent,38.581500000000005,0.8541666666666666
407,Aberdeen,5,yes,0.40905572755417957,easy,0.8465,1
407,Aberdeen,5,yes,0.40905572755417957,hard,24.965,0.5
408,Aberdeen,6,yes,0.5799046697982868,absent,7.146,1
408,Aberdeen,6,yes,0.5799046697982868,easy,0.7155,1
408,Aberdeen,6,yes,0.5799046697982868,hard,5.5265,0.5833333333333334
409,Aberdeen,6,yes,0.6037912912912913,absent,6.333500000000001,0.9166666666666666
409,Aberdeen,6,yes,0.6037912912912913,easy,1.34,1
409,Aberdeen,6,yes,0.6037912912912913,hard,5.996,0.16666666666666666
410,Aberdeen,6,yes,0.8612423633078468,absent,2.8834999999999997,0.9375
410,Aberdeen,6,yes,0.8612423633078468,easy,0.697,1
410,Aberdeen,6,yes,0.8612423633078468,hard,2.6895,0.20833333333333334
411,Aberdeen,1,no,0.5900001568479829,absent,10.157,0.9583333333333334
411,Aberdeen,1,no,0.5900001568479829,easy,1.2690000000000001,1
411,Aberdeen,1,no,0.5900001568479829,hard,10.4285,0.2916666666666667
412,Aberdeen,0,no,0.5132575757575757,absent,8.23,1
412,Aberdeen,0,no,0.5132575757575757,easy,1.0535,1
412,Aberdeen,0,no,0.5132575757575757,hard,7.3465,0.125
413,Aberdeen,6,yes,0.41321924603174603,absent,8.761,0.7659574468085106
413,Aberdeen,6,yes,0.41321924603174603,easy,1.245,0.875
413,Aberdeen,6,yes,0.41321924603174603,hard,6.779,0.30434782608695654
414,Aberdeen,2,intermediate,0.3953379953379953,absent,28.304,1
414,Aberdeen,2,intermediate,0.3953379953379953,easy,1.2455,1
414,Aberdeen,2,intermediate,0.3953379953379953,hard,17.999000000000002,0.5
416,Aberdeen,6,yes,0.4950611325611326,absent,3.9595000000000002,0.8958333333333334
416,Aberdeen,6,yes,0.4950611325611326,easy,0.928,0.9565217391304348
416,Aberdeen,6,yes,0.4950611325611326,hard,4.864,0.08695652173913043
417,Aberdeen,6,yes,0.18142730496453902,absent,10.1095,1
417,Aberdeen,6,yes,0.18142730496453902,easy,0.873,1
417,Aberdeen,6,yes,0.18142730496453902,hard,11.388000000000002,0.08333333333333333
418,Aberdeen,6,yes,0.8113953336276385,absent,12.2985,0.8333333333333334
418,Aberdeen,6,yes,0.8113953336276385,easy,1.087,1
418,Aberdeen,6,yes,0.8113953336276385,hard,7.4985,0.5416666666666666
419,Aberdeen,6,yes,0.3332124309059622,absent,13.8305,0.9583333333333334
419,Aberdeen,6,yes,0.3332124309059622,easy,1.0455,1
419,Aberdeen,6,yes,0.3332124309059622,hard,8.964500000000001,0.4583333333333333
422,Aberdeen,0,no,0.8408841158841159,absent,6.229,0.7659574468085106
422,Aberdeen,0,no,0.8408841158841159,easy,1.435,1
422,Aberdeen,0,no,0.8408841158841159,hard,5.817500000000001,0.375
423,Aberdeen,6,yes,0.6418008636588548,absent,3.6085000000000003,0.9791666666666666
423,Aberdeen,6,yes,0.6418008636588548,easy,0.715,1
423,Aberdeen,6,yes,0.6418008636588548,hard,2.732,0.20833333333333334
425,Aberdeen,0,no,0.5888183453972928,absent,8.645,0.8541666666666666
425,Aberdeen,0,no,0.5888183453972928,easy,1.2839999999999998,0.9583333333333334
425,Aberdeen,0,no,0.5888183453972928,hard,7.119,0.391304347826087
426,Aberdeen,0,no,0.43577235772357725,absent,6.18,0.875
426,Aberdeen,0,no,0.43577235772357725,easy,0.831,0.9583333333333334
426,Aberdeen,0,no,0.43577235772357725,hard,6.0235,0.3333333333333333
427,Aberdeen,6,yes,0.8326532390673426,absent,12.34,1
427,Aberdeen,6,yes,0.8326532390673426,easy,1.7035,1
427,Aberdeen,6,yes,0.8326532390673426,hard,3.965,0.875
428,Aberdeen,6,yes,0.21759945932551916,absent,17.7335,1
428,Aberdeen,6,yes,0.21759945932551916,easy,1.346,1
428,Aberdeen,6,yes,0.21759945932551916,hard,12.636,0.6956521739130435
429,Aberdeen,0,no,0.33188380688380686,absent,18.9255,0.9583333333333334
429,Aberdeen,0,no,0.33188380688380686,easy,0.778,1
429,Aberdeen,0,no,0.33188380688380686,hard,16.257,0.20833333333333334
430,Aberdeen,6,yes,0.631547619047619,absent,11.4265,0.8541666666666666
430,Aberdeen,6,yes,0.631547619047619,easy,1.63,0.9130434782608695
430,Aberdeen,6,yes,0.631547619047619,hard,10.3225,0.4166666666666667
432,Aberdeen,0,no,0.41415356151711374,absent,26.5885,1
432,Aberdeen,0,no,0.41415356151711374,easy,0.9105000000000001,1
432,Aberdeen,0,no,0.41415356151711374,hard,18.0855,0.5
433,Aberdeen,6,yes,0.3854225751559841,absent,19.56,0.8958333333333334
433,Aberdeen,6,yes,0.3854225751559841,easy,1.309,1
433,Aberdeen,6,yes,0.3854225751559841,hard,13.4585,0.4166666666666667
501,Aberdeen,6,yes,0.6103971609785563,absent,7.257999999999999,0.9791666666666666
501,Aberdeen,6,yes,0.6103971609785563,easy,0.921,1
501,Aberdeen,6,yes,0.6103971609785563,hard,6.046,0.125
502,Aberdeen,1,no,0.31825858250276856,absent,19.0325,0.9791666666666666
502,Aberdeen,1,no,0.31825858250276856,easy,1.738,1
502,Aberdeen,1,no,0.31825858250276856,hard,14.222,0.041666666666666664
503,Aberdeen,3,intermediate,0.23750274483970135,absent,27.709,1
503,Aberdeen,3,intermediate,0.23750274483970135,easy,1.3424999999999998,1
503,Aberdeen,3,intermediate,0.23750274483970135,hard,19.999000000000002,0.25
505,Aberdeen,1,no,0.5742011278195489,absent,4.8395,0.8541666666666666
505,Aberdeen,1,no,0.5742011278195489,easy,1.183,1
505,Aberdeen,1,no,0.5742011278195489,hard,4.2235,0.3333333333333333
507,Aberdeen,4,yes,0.5575396825396826,absent,11.6555,0.9791666666666666
507,Aberdeen,4,yes,0.5575396825396826,easy,1.041,1
507,Aberdeen,4,yes,0.5575396825396826,hard,9.113,0.25
508,Aberdeen,6,yes,0.5364921026222784,absent,4.206,0.9574468085106383
508,Aberdeen,6,yes,0.5364921026222784,easy,0.775,1
508,Aberdeen,6,yes,0.5364921026222784,hard,4.282500000000001,0.041666666666666664
509,Aberdeen,0,no,0.25006435006435007,absent,13.845,0.7872340425531915
509,Aberdeen,0,no,0.25006435006435007,easy,1.256,0.9583333333333334
509,Aberdeen,0,no,0.25006435006435007,hard,12.742,0.4782608695652174
510,Aberdeen,2,intermediate,0.4433565506603683,absent,3.711,1
510,Aberdeen,2,intermediate,0.4433565506603683,easy,0.997,0.9565217391304348
510,Aberdeen,2,intermediate,0.4433565506603683,hard,4.597,0.17391304347826086
512,Aberdeen,6,yes,0.8005201958384333,absent,17.522,0.9791666666666666
512,Aberdeen,6,yes,0.8005201958384333,easy,0.923,1
512,Aberdeen,6,yes,0.8005201958384333,hard,8.565999999999999,0.75
514,Aberdeen,1,no,0.3704352699673176,absent,8.527000000000001,0.8958333333333334
514,Aberdeen,1,no,0.3704352699673176,easy,1.1495,1
514,Aberdeen,1,no,0.3704352699673176,hard,6.8725000000000005,0.4166666666666667
515,Aberdeen,1,no,0.856547619047619,absent,9.231,0.8333333333333334
515,Aberdeen,1,no,0.856547619047619,easy,1.2565,0.9583333333333334
515,Aberdeen,1,no,0.856547619047619,hard,7.255,0.4583333333333333
601,Aberdeen,0,no,0.3501623376623377,absent,9.504000000000001,0.8958333333333334
601,Aberdeen,0,no,0.3501623376623377,easy,1.2475,0.9166666666666666
601,Aberdeen,0,no,0.3501623376623377,hard,8.925,0.25
603,Aberdeen,0,no,0.5855090736669684,absent,10.284500000000001,0.8333333333333334
603,Aberdeen,0,no,0.5855090736669684,easy,1.419,1
603,Aberdeen,0,no,0.5855090736669684,hard,4.9785,0.75
606,Aberdeen,6,yes,0.4758433245275351,absent,9.7475,0.8333333333333334
606,Aberdeen,6,yes,0.4758433245275351,easy,1.49,1
606,Aberdeen,6,yes,0.4758433245275351,hard,6.3965,0.5833333333333334
607,Aberdeen,6,yes,0.6050369769119769,absent,10.5725,1
607,Aberdeen,6,yes,0.6050369769119769,easy,1.0034999999999998,1
607,Aberdeen,6,yes,0.6050369769119769,hard,9.316,0.30434782608695654
608,Aberdeen,1,no,0.9683441558441559,absent,4.2330000000000005,0.7916666666666666
608,Aberdeen,1,no,0.9683441558441559,easy,0.9255,1
608,Aberdeen,1,no,0.9683441558441559,hard,2.624,0.75
609,Aberdeen,6,yes,0.17792370231394622,absent,5.103,0.8936170212765957
609,Aberdeen,6,yes,0.17792370231394622,easy,1.205,0.9583333333333334
609,Aberdeen,6,yes,0.17792370231394622,hard,4.68,0.125
610,Aberdeen,6,yes,0.6250716625716626,absent,6.423,0.8723404255319149
610,Aberdeen,6,yes,0.6250716625716626,easy,0.7025,1
610,Aberdeen,6,yes,0.6250716625716626,hard,5.236000000000001,0.4166666666666667
613,Aberdeen,6,yes,0.3574043673129039,absent,7.9695,0.8958333333333334
613,Aberdeen,6,yes,0.3574043673129039,easy,1.212,0.9545454545454546
613,Aberdeen,6,yes,0.3574043673129039,hard,8.263,0.4166666666666667
614,Aberdeen,6,yes,0.35767118863049097,absent,10.370000000000001,0.9791666666666666
614,Aberdeen,6,yes,0.35767118863049097,easy,1.1515,1
614,Aberdeen,6,yes,0.35767118863049097,hard,7.286,0.5833333333333334
615,Aberdeen,6,yes,0.37534515034515037,absent,4.618,0.7916666666666666
615,Aberdeen,6,yes,0.37534515034515037,easy,1.082,1
615,Aberdeen,6,yes,0.37534515034515037,hard,3.9574999999999996,0.3333333333333333
617,Aberdeen,6,yes,0.825272869022869,absent,31.195,0.9787234042553191
617,Aberdeen,6,yes,0.825272869022869,easy,1.169,1
617,Aberdeen,6,yes,0.825272869022869,hard,11.215499999999999,0.7916666666666666
619,Aberdeen,0,no,0.8296791984291985,absent,4.871,0.9166666666666666
619,Aberdeen,0,no,0.8296791984291985,easy,1.1320000000000001,1
619,Aberdeen,0,no,0.8296791984291985,hard,4.4254999999999995,0.375
622,Aberdeen,0,no,0.6736054382074921,absent,3.7800000000000002,0.9375
622,Aberdeen,0,no,0.6736054382074921,easy,0.9684999999999999,1
622,Aberdeen,0,no,0.6736054382074921,hard,4.016,0.20833333333333334
623,Aberdeen,3,intermediate,0.5433629007158419,absent,6.089,0.7708333333333334
623,Aberdeen,3,intermediate,0.5433629007158419,easy,0.835,0.9583333333333334
623,Aberdeen,3,intermediate,0.5433629007158419,hard,6.318,0.21739130434782608
625,Aberdeen,6,yes,0.839627659574468,absent,0.8214999999999999,0.9791666666666666
625,Aberdeen,6,yes,0.839627659574468,easy,0.6935,0.9166666666666666
625,Aberdeen,6,yes,0.839627659574468,hard,0.96,0.21739130434782608
626,Aberdeen,0,no,0.6589424141749723,absent,13.006499999999999,0.9791666666666666
626,Aberdeen,0,no,0.6589424141749723,easy,1.345,1
626,Aberdeen,0,no,0.6589424141749723,hard,10.757,0.6086956521739131
628,Aberdeen,6,yes,0.27653663693085134,absent,14.876999999999999,0.9782608695652174
628,Aberdeen,6,yes,0.27653663693085134,easy,0.9795,1
628,Aberdeen,6,yes,0.27653663693085134,hard,13.0265,0.25
629,Aberdeen,6,yes,0.8323366555924695,absent,14.964500000000001,1
629,Aberdeen,6,yes,0.8323366555924695,easy,1.546,0.9166666666666666
629,Aberdeen,6,yes,0.8323366555924695,hard,11.138000000000002,0.25
630,Aberdeen,1,no,0.3444200726809422,absent,6.0785,0.9791666666666666
630,Aberdeen,1,no,0.3444200726809422,easy,1.038,0.9565217391304348
630,Aberdeen,1,no,0.3444200726809422,hard,5.3855,0.08333333333333333
631,Aberdeen,0,no,0.7887401430405281,absent,4.0365,0.9166666666666666
631,Aberdeen,0,no,0.7887401430405281,easy,1.352,0.875
631,Aberdeen,0,no,0.7887401430405281,hard,3.644,0.08333333333333333
632,Aberdeen,0,no,0.25603167261354126,absent,12.502,1
632,Aberdeen,0,no,0.25603167261354126,easy,0.951,1
632,Aberdeen,0,no,0.25603167261354126,hard,10.858,0.5
633,Aberdeen,6,yes,0.4732368191621163,absent,12.0325,0.8333333333333334
633,Aberdeen,6,yes,0.4732368191621163,easy,1.88,1
633,Aberdeen,6,yes,0.4732368191621163,hard,10.983,0.3333333333333333
634,Aberdeen,5,yes,0.46042776778070893,absent,6.093,0.7916666666666666
634,Aberdeen,5,yes,0.46042776778070893,easy,0.9415,0.9583333333333334
634,Aberdeen,5,yes,0.46042776778070893,hard,7.598,0.20833333333333334
635,Aberdeen,3,intermediate,0.3114612511671335,absent,36.6385,0.75
635,Aberdeen,3,intermediate,0.3114612511671335,easy,1.6880000000000002,1
635,Aberdeen,3,intermediate,0.3114612511671335,hard,22.837,0.5
638,Aberdeen,6,yes,0.7118062811595068,absent,7.948,0.9166666666666666
638,Aberdeen,6,yes,0.7118062811595068,easy,1.2515,1
638,Aberdeen,6,yes,0.7118062811595068,hard,7.014,0.25
640,Aberdeen,4,yes,0.4746135977843295,absent,7.127,0.8723404255319149
640,Aberdeen,4,yes,0.4746135977843295,easy,0.8685,1
640,Aberdeen,4,yes,0.4746135977843295,hard,6.4945,0.20833333333333334
641,Aberdeen,0,no,0.7424308415162074,absent,5.332,0.9787234042553191
641,Aberdeen,0,no,0.7424308415162074,easy,1.0295,0.9545454545454546
641,Aberdeen,0,no,0.7424308415162074,hard,4.603,0.43478260869565216
643,Aberdeen,6,yes,0.8327598722415795,absent,2.2575000000000003,0.9375
643,Aberdeen,6,yes,0.8327598722415795,easy,0.771,1
643,Aberdeen,6,yes,0.8327598722415795,hard,2.6775,0.041666666666666664
645,Aberdeen,6,yes,0.3567145080302975,absent,6.643,0.8297872340425532
645,Aberdeen,6,yes,0.3567145080302975,easy,0.853,1
645,Aberdeen,6,yes,0.3567145080302975,hard,5.5115,0.375
701,Essex,6,yes,0.3630213674294306,absent,16.688499999999998,1
701,Essex,6,yes,0.3630213674294306,easy,1.619,0.9583333333333334
701,Essex,6,yes,0.3630213674294306,hard,12.947,0.2916666666666667
703,Essex,4,yes,0.2601413163849969,absent,10.101500000000001,0.9583333333333334
703,Essex,4,yes,0.2601413163849969,easy,0.5814999999999999,0.9583333333333334
703,Essex,4,yes,0.2601413163849969,hard,8.64,0.4583333333333333
704,Essex,3,intermediate,0.7488116405879564,absent,6.124,0.9375
704,Essex,3,intermediate,0.7488116405879564,easy,0.9844999999999999,0.9166666666666666
704,Essex,3,intermediate,0.7488116405879564,hard,4.119,0.4583333333333333
706,Essex,6,yes,0.8167701863354038,absent,8.0485,1
706,Essex,6,yes,0.8167701863354038,easy,0.8895,0.9583333333333334
706,Essex,6,yes,0.8167701863354038,hard,7.8735,0.20833333333333334
707,Essex,6,yes,0.38738549217845875,absent,22.2225,0.9583333333333334
707,Essex,6,yes,0.38738549217845875,easy,1.116,1
707,Essex,6,yes,0.38738549217845875,hard,17.1235,0.4583333333333333
709,Essex,0,no,0.59375,absent,22.478499999999997,0.9791666666666666
709,Essex,0,no,0.59375,easy,1.08,0.9583333333333334
709,Essex,0,no,0.59375,hard,21.1365,0.2916666666666667
710,Essex,6,yes,0.2517010026963262,absent,68.475,1
710,Essex,6,yes,0.2517010026963262,easy,2.135,1
710,Essex,6,yes,0.2517010026963262,hard,43.064,0.7916666666666666
711,Essex,1,no,0.33824932455251605,absent,25.7665,1
711,Essex,1,no,0.33824932455251605,easy,1.3250000000000002,0.9583333333333334
711,Essex,1,no,0.33824932455251605,hard,22.5425,0.2916666666666667
714,Essex,6,yes,0.4938564544016481,absent,14.581,0.8541666666666666
714,Essex,6,yes,0.4938564544016481,easy,1.3085,0.9166666666666666
714,Essex,6,yes,0.4938564544016481,hard,12.757000000000001,0.16666666666666666
715,Essex,1,no,0.26549351049813585,absent,23.532,1
715,Essex,1,no,0.26549351049813585,easy,1.5550000000000002,0.9166666666666666
715,Essex,1,no,0.26549351049813585,hard,19.801000000000002,0.125
717,Essex,0,no,0.18629548257786,absent,31.200499999999998,1
717,Essex,0,no,0.18629548257786,easy,1.4095,1
717,Essex,0,no,0.18629548257786,hard,22.741500000000002,0.5416666666666666
718,Essex,6,yes,0.7030336257309941,absent,53.861999999999995,0.8541666666666666
718,Essex,6,yes,0.7030336257309941,easy,1.671,1
718,Essex,6,yes,0.7030336257309941,hard,14.3295,0.6666666666666666
719,Essex,6,yes,0.5211017987180778,absent,4.1530000000000005,0.9375
719,Essex,6,yes,0.5211017987180778,easy,0.9295,1
719,Essex,6,yes,0.5211017987180778,hard,3.8365,0.125
722,Essex,6,yes,0.4128617253617254,absent,8.178,0.7916666666666666
722,Essex,6,yes,0.4128617253617254,easy,0.9664999999999999,1
722,Essex,6,yes,0.4128617253617254,hard,7.66,0.4166666666666667
723,Essex,2,intermediate,0.40051975051975053,absent,7.196,0.875
723,Essex,2,intermediate,0.40051975051975053,easy,1.1440000000000001,1
723,Essex,2,intermediate,0.40051975051975053,hard,7.747999999999999,0.16666666666666666
724,Essex,6,yes,0.5935202443823133,absent,9.0985,0.7916666666666666
724,Essex,6,yes,0.5935202443823133,easy,0.8474999999999999,1
724,Essex,6,yes,0.5935202443823133,hard,7.705,0.4583333333333333
725,Essex,3,intermediate,0.6262472283813747,absent,14.0845,0.9375
725,Essex,3,intermediate,0.6262472283813747,easy,1.0255,1
725,Essex,3,intermediate,0.6262472283813747,hard,10.346,0.2916666666666667
726,Essex,0,no,0.365413998427143,absent,47.1155,0.9791666666666666
726,Essex,0,no,0.365413998427143,easy,1.666,1
726,Essex,0,no,0.365413998427143,hard,39.568,0.4583333333333333
727,Essex,6,yes,0.4540518424664766,absent,5.7905,1
727,Essex,6,yes,0.4540518424664766,easy,1.101,1
727,Essex,6,yes,0.4540518424664766,hard,4.82,0.125
729,Essex,6,yes,0.18505868329359984,absent,26.6085,0.875
729,Essex,6,yes,0.18505868329359984,easy,1.229,0.9583333333333334
729,Essex,6,yes,0.18505868329359984,hard,22.451999999999998,0.25
730,Essex,6,yes,0.416200110864745,absent,11.9585,0.9166666666666666
730,Essex,6,yes,0.416200110864745,easy,1.0345,0.9583333333333334
730,Essex,6,yes,0.416200110864745,hard,7.1735,0.4583333333333333
732,Essex,6,yes,0.43577235772357725,absent,14.9995,0.9583333333333334
732,Essex,6,yes,0.43577235772357725,easy,1.421,1
732,Essex,6,yes,0.43577235772357725,hard,10.8995,0.3333333333333333
733,Essex,6,yes,0.30125591016548464,absent,25.2345,1
733,Essex,6,yes,0.30125591016548464,easy,1.0615,0.9583333333333334
733,Essex,6,yes,0.30125591016548464,hard,22.363,0.20833333333333334
737,Essex,6,yes,0.8768557422969188,absent,2.9139999999999997,0.8333333333333334
737,Essex,6,yes,0.8768557422969188,easy,1.034,0.9583333333333334
737,Essex,6,yes,0.8768557422969188,hard,2.254,0.625
738,Essex,5,yes,0.7326499388004896,absent,13.053,0.9166666666666666
738,Essex,5,yes,0.7326499388004896,easy,1.138,1
738,Essex,5,yes,0.7326499388004896,hard,10.945,0.25
740,Essex,6,yes,0.38405103668261564,absent,37.596000000000004,0.9583333333333334
740,Essex,6,yes,0.38405103668261564,easy,0.9775,1
740,Essex,6,yes,0.38405103668261564,hard,25.3115,0.625
742,Essex,6,yes,0.7729325313615127,absent,3.382,0.8958333333333334
742,Essex,6,yes,0.7729325313615127,easy,0.742,1
742,Essex,6,yes,0.7729325313615127,hard,3.1870000000000003,0.20833333333333334
743,Essex,6,yes,0.37293543543543545,absent,9.313,0.7708333333333334
743,Essex,6,yes,0.37293543543543545,easy,1.6804999999999999,0.8333333333333334
743,Essex,6,yes,0.37293543543543545,hard,8.6025,0.375
744,Essex,6,yes,0.7740707568293775,absent,16.2435,0.7708333333333334
744,Essex,6,yes,0.7740707568293775,easy,1.584,1
744,Essex,6,yes,0.7740707568293775,hard,15.278,0.3333333333333333
745,Essex,6,yes,0.289709368153238,absent,23.6965,1
745,Essex,6,yes,0.289709368153238,easy,1.2454999999999998,1
745,Essex,6,yes,0.289709368153238,hard,19.7745,0.375
746,Essex,6,yes,0.6635586635586636,absent,10.2125,0.8333333333333334
746,Essex,6,yes,0.6635586635586636,easy,1.2755,0.9166666666666666
746,Essex,6,yes,0.6635586635586636,hard,10.7685,0.4583333333333333
748,Essex,1,no,0.3860237434474252,absent,21.5595,1
748,Essex,1,no,0.3860237434474252,easy,1.1065,1
748,Essex,1,no,0.3860237434474252,hard,14.111999999999998,0.5416666666666666
751,Essex,0,no,0.732077856420627,absent,8.6585,0.9583333333333334
751,Essex,0,no,0.732077856420627,easy,0.9405,1
751,Essex,0,no,0.732077856420627,hard,5.6905,0.5833333333333334
753,Essex,6,yes,0.3801982591876209,absent,22.125500000000002,1
753,Essex,6,yes,0.3801982591876209,easy,1.008,0.9583333333333334
753,Essex,6,yes,0.3801982591876209,hard,15.5805,0.5
754,Essex,6,yes,0.2546568767499,absent,18.307,0.9583333333333334
754,Essex,6,yes,0.2546568767499,easy,0.919,0.9583333333333334
754,Essex,6,yes,0.2546568767499,hard,11.96,0.4583333333333333
755,Essex,0,no,0.9052083333333333,absent,8.752,0.9583333333333334
755,Essex,0,no,0.9052083333333333,easy,1.1004999999999998,1
755,Essex,0,no,0.9052083333333333,hard,6.854,0.2916666666666667
758,Essex,6,yes,0.8316946001128169,absent,17.749499999999998,0.8125
758,Essex,6,yes,0.8316946001128169,easy,1.5145,0.9583333333333334
758,Essex,6,yes,0.8316946001128169,hard,14.9985,0.25
759,Essex,6,yes,0.4756944444444444,absent,7.5435,0.8541666666666666
759,Essex,6,yes,0.4756944444444444,easy,1.5705,1
759,Essex,6,yes,0.4756944444444444,hard,7.1345,0.4583333333333333
760,Essex,6,yes,0.25252659574468084,absent,41.067499999999995,1
760,Essex,6,yes,0.25252659574468084,easy,1.2765,1
760,Essex,6,yes,0.25252659574468084,hard,37.691500000000005,0.3333333333333333
761,Essex,6,yes,0.39132814859559045,absent,37.078,0.9166666666666666
761,Essex,6,yes,0.39132814859559045,easy,1.2934999999999999,1
761,Essex,6,yes,0.39132814859559045,hard,25.657,0.7083333333333334
762,Essex,0,no,0.3055133173100505,absent,18.7785,0.8125
762,Essex,0,no,0.3055133173100505,easy,1.145,0.9583333333333334
762,Essex,0,no,0.3055133173100505,hard,11.8875,0.5833333333333334
764,Essex,6,yes,0.40964005480134513,absent,20.5065,0.8125
764,Essex,6,yes,0.40964005480134513,easy,2.309,0.9583333333333334
764,Essex,6,yes,0.40964005480134513,hard,12.466000000000001,0.7083333333333334
766,Essex,6,yes,0.6982274482274482,absent,10.6035,0.7916666666666666
766,Essex,6,yes,0.6982274482274482,easy,1.5455,0.9583333333333334
766,Essex,6,yes,0.6982274482274482,hard,9.197500000000002,0.3333333333333333
767,Essex,6,yes,0.3224778270509978,absent,1.9815,0.9375
767,Essex,6,yes,0.3224778270509978,easy,0.974,0.9166666666666666
767,Essex,6,yes,0.3224778270509978,hard,2.0665,0.125
770,Essex,0,no,0.6232323232323232,absent,8.904499999999999,0.9583333333333334
770,Essex,0,no,0.6232323232323232,easy,1.4085,1
770,Essex,0,no,0.6232323232323232,hard,7.292,0.20833333333333334
772,Essex,0,no,0.5680036382369039,absent,5.864000000000001,0.75
772,Essex,0,no,0.5680036382369039,easy,1.8835000000000002,0.9583333333333334
772,Essex,0,no,0.5680036382369039,hard,5.32,0.5833333333333334
775,Essex,3,intermediate,0.38567765732535647,absent,8.3925,1
775,Essex,3,intermediate,0.38567765732535647,easy,0.778,1
775,Essex,3,intermediate,0.38567765732535647,hard,7.4025,0.4166666666666667
776,Essex,6,yes,0.3100363906766165,absent,15.867,0.8958333333333334
776,Essex,6,yes,0.3100363906766165,easy,1.358,1
776,Essex,6,yes,0.3100363906766165,hard,14.844999999999999,0.25
777,Essex,6,yes,0.7911205073995772,absent,13.031500000000001,0.9375
777,Essex,6,yes,0.7911205073995772,easy,2.7329999999999997,0.9166666666666666
777,Essex,6,yes,0.7911205073995772,hard,10.1935,0.3333333333333333
778,Essex,6,yes,0.5265034771613719,absent,16.5865,0.8125
778,Essex,6,yes,0.5265034771613719,easy,1.5110000000000001,1
778,Essex,6,yes,0.5265034771613719,hard,12.273,0.6666666666666666
779,Essex,1,no,0.5502747252747253,absent,8.448,0.875
779,Essex,1,no,0.5502747252747253,easy,1.034,1
779,Essex,1,no,0.5502747252747253,hard,7.381,0.5
781,Essex,6,yes,0.4770833333333333,absent,19.7135,1
781,Essex,6,yes,0.4770833333333333,easy,1.0710000000000002,0.9583333333333334
781,Essex,6,yes,0.4770833333333333,hard,14.346,0.6666666666666666
782,Essex,6,yes,0.45110337666621686,absent,75.307,1
782,Essex,6,yes,0.45110337666621686,easy,1.029,1
782,Essex,6,yes,0.45110337666621686,hard,16.500999999999998,0.9583333333333334
783,Essex,0,no,0.6351560345620002,absent,25.478,1
783,Essex,0,no,0.6351560345620002,easy,0.942,1
783,Essex,0,no,0.6351560345620002,hard,9.292,0.7083333333333334
784,Essex,1,no,0.8040436527571609,absent,9.915500000000002,0.9791666666666666
784,Essex,1,no,0.8040436527571609,easy,0.7645,1
784,Essex,1,no,0.8040436527571609,hard,6.9830000000000005,0.4166666666666667
785,Essex,2,intermediate,0.40212449341438705,absent,26.17,1
785,Essex,2,intermediate,0.40212449341438705,easy,1.255,0.9166666666666666
785,Essex,2,intermediate,0.40212449341438705,hard,22.3265,0.4583333333333333
786,Essex,6,yes,0.5457974137931034,absent,7.0705,0.7708333333333334
786,Essex,6,yes,0.5457974137931034,easy,1.624,0.7916666666666666
786,Essex,6,yes,0.5457974137931034,hard,7.746,0.16666666666666666
788,Essex,6,yes,0.19438020351526364,absent,16.15,0.9791666666666666
788,Essex,6,yes,0.19438020351526364,easy,1.1105,1
788,Essex,6,yes,0.19438020351526364,hard,11.668,0.5416666666666666
795,Essex,1,no,0.17351190476190476,absent,24.2755,0.875
795,Essex,1,no,0.17351190476190476,easy,1.2565,1
795,Essex,1,no,0.17351190476190476,hard,16.533,0.5833333333333334
797,Essex,6,yes,0.3256822386679001,absent,17.0015,1
797,Essex,6,yes,0.3256822386679001,easy,1.3265,0.9583333333333334
797,Essex,6,yes,0.3256822386679001,hard,12.338000000000001,0.5
799,Essex,6,yes,0.3683848013116306,absent,20.9665,0.8541666666666666
799,Essex,6,yes,0.3683848013116306,easy,1.147,1
799,Essex,6,yes,0.3683848013116306,hard,16.82,0.625
802,Essex,6,yes,0.6339285714285714,absent,21.651,0.75
802,Essex,6,yes,0.6339285714285714,easy,1.7755,1
802,Essex,6,yes,0.6339285714285714,hard,11.129999999999999,0.5833333333333334
803,Essex,6,yes,0.6757366171839856,absent,15.354500000000002,0.7916666666666666
803,Essex,6,yes,0.6757366171839856,easy,1.412,0.9166666666666666
803,Essex,6,yes,0.6757366171839856,hard,11.393,0.5416666666666666
804,Essex,0,no,0.5540370482230947,absent,13.118500000000001,1
804,Essex,0,no,0.5540370482230947,easy,0.778,0.9565217391304348
804,Essex,0,no,0.5540370482230947,hard,9.342500000000001,0.4583333333333333
807,Essex,6,yes,0.4107905982905983,absent,8.849499999999999,0.75
807,Essex,6,yes,0.4107905982905983,easy,0.9115,1
807,Essex,6,yes,0.4107905982905983,hard,9.161,0.375
808,Essex,6,yes,0.6184041835357625,absent,12.4825,0.8125
808,Essex,6,yes,0.6184041835357625,easy,1.1105,0.9583333333333334
808,Essex,6,yes,0.6184041835357625,hard,8.4435,0.5416666666666666
809,Essex,6,yes,0.7448792016806722,absent,8.3865,0.7708333333333334
809,Essex,6,yes,0.7448792016806722,easy,0.8955,0.9583333333333334
809,Essex,6,yes,0.7448792016806722,hard,4.2,0.4166666666666667
811,Essex,6,yes,0.48806755260243634,absent,15.264,0.8958333333333334
811,Essex,6,yes,0.48806755260243634,easy,1.2349999999999999,1
811,Essex,6,yes,0.48806755260243634,hard,15.765,0.16666666666666666
813,Essex,1,no,0.6423537702607469,absent,40.108000000000004,0.8958333333333334
813,Essex,1,no,0.6423537702607469,easy,1.4505,1
813,Essex,1,no,0.6423537702607469,hard,18.4135,0.625
814,Essex,0,no,0.6393292682926829,absent,18.3955,0.9166666666666666
814,Essex,0,no,0.6393292682926829,easy,1.222,1
814,Essex,0,no,0.6393292682926829,hard,14.964,0.4583333333333333
900,Aberdeen,6,yes,0.35510884461311404,absent,12.303999999999998,0.7916666666666666
900,Aberdeen,6,yes,0.35510884461311404,easy,0.91,1
900,Aberdeen,6,yes,0.35510884461311404,hard,12.596499999999999,0.3333333333333333
901,Aberdeen,6,yes,0.5565717177559283,absent,9.0095,0.875
901,Aberdeen,6,yes,0.5565717177559283,easy,1.067,1
901,Aberdeen,6,yes,0.5565717177559283,hard,7.424,0.4782608695652174
902,Aberdeen,6,yes,0.32748498114351776,absent,11.021,0.9375
902,Aberdeen,6,yes,0.32748498114351776,easy,1.0745,1
902,Aberdeen,6,yes,0.32748498114351776,hard,10.186,0.375
