person,prop_hard,site,targ_side_rel,median_rt,accuracy
6,0.8968360071301248,Aberdeen,absent,12.753,0.7872340425531915
6,0.8968360071301248,Aberdeen,easy,0.996,1
6,0.8968360071301248,Aberdeen,hard,7.243,0.5217391304347826
9,0.5796981077567529,Aberdeen,absent,14.7,1
9,0.5796981077567529,Aberdeen,easy,1.053,1
9,0.5796981077567529,Aberdeen,hard,11.185,0.375
11,0.5935569498069498,Aberdeen,absent,4.766,0.9166666666666666
11,0.5935569498069498,Aberdeen,easy,0.8534999999999999,0.9583333333333334
11,0.5935569498069498,Aberdeen,hard,4.418,0.25
12,0.6073986563018504,Aberdeen,absent,6.6905,0.875
12,0.6073986563018504,Aberdeen,easy,1.248,1
12,0.6073986563018504,Aberdeen,hard,5.8085,0.25
13,0.7460107835107835,Aberdeen,absent,4.4185,1
13,0.7460107835107835,Aberdeen,easy,1.0510000000000002,1
13,0.7460107835107835,Aberdeen,hard,3.7435,0.25
15,0.5580094537815126,Aberdeen,absent,4.9,0.8297872340425532
15,0.5580094537815126,Aberdeen,easy,0.6785000000000001,1
15,0.5580094537815126,Aberdeen,hard,4.025,0.4782608695652174
16,0.5522005438286659,Aberdeen,absent,22.5625,1
16,0.5522005438286659,Aberdeen,easy,1.11,1
16,0.5522005438286659,Aberdeen,hard,15.354500000000002,0.7916666666666666
17,0.5753234363557677,Aberdeen,absent,8.6645,0.9375
17,0.5753234363557677,Aberdeen,easy,0.885,1
17,0.5753234363557677,Aberdeen,hard,7.602499999999999,0.3333333333333333
18,0.3680555555555555,Aberdeen,absent,5.188,0.8297872340425532
18,0.3680555555555555,Aberdeen,easy,0.8035000000000001,0.9583333333333334
18,0.3680555555555555,Aberdeen,hard,4.0265,0.20833333333333334
19,0.4225901377064168,Aberdeen,absent,7.449,0.9583333333333334
19,0.4225901377064168,Aberdeen,easy,1.0745,0.9583333333333334
19,0.4225901377064168,Aberdeen,hard,5.8665,0.16666666666666666
21,0.786164475901584,Aberdeen,absent,4.497,0.9787234042553191
21,0.786164475901584,Aberdeen,easy,0.709,1
21,0.786164475901584,Aberdeen,hard,2.621,0.5416666666666666
22,0.35462077627420796,Aberdeen,absent,44.141999999999996,0.8958333333333334
22,0.35462077627420796,Aberdeen,easy,3.2344999999999997,0.9583333333333334
22,0.35462077627420796,Aberdeen,hard,36.782,0.2916666666666667
23,0.719946509009009,Aberdeen,absent,19.986,0.851063829787234
23,0.719946509009009,Aberdeen,easy,1.1524999999999999,1
23,0.719946509009009,Aberdeen,hard,13.157,0.6818181818181818
24,0.2910987768527084,Aberdeen,absent,20.256,0.9791666666666666
24,0.2910987768527084,Aberdeen,easy,1.0125,1
24,0.2910987768527084,Aberdeen,hard,15.024000000000001,0.75
25,0.6643846238358434,Aberdeen,absent,23.661,0.8958333333333334
25,0.6643846238358434,Aberdeen,easy,1.719,0.9565217391304348
25,0.6643846238358434,Aberdeen,hard,19.9485,0.16666666666666666
26,0.5512485481997677,Aberdeen,absent,19.704500000000003,0.9791666666666666
26,0.5512485481997677,Aberdeen,easy,1.0979999999999999,1
26,0.5512485481997677,Aberdeen,hard,17.4665,0.4166666666666667
27,0.3048749692042375,Aberdeen,absent,18.4665,0.9583333333333334
27,0.3048749692042375,Aberdeen,easy,0.877,1
27,0.3048749692042375,Aberdeen,hard,14.067,0.5
28,0.6198717948717949,Aberdeen,absent,9.014,0.8958333333333334
28,0.6198717948717949,Aberdeen,easy,1.1005,1
28,0.6198717948717949,Aberdeen,hard,7.715999999999999,0.4166666666666667
29,0.5743662224403503,Aberdeen,absent,10.6945,0.9166666666666666
29,0.5743662224403503,Aberdeen,easy,0.8195,0.9583333333333334
29,0.5743662224403503,Aberdeen,hard,6.688,0.30434782608695654
32,0.2625565273131196,Aberdeen,absent,13.475000000000001,0.75
32,0.2625565273131196,Aberdeen,easy,0.96,1
32,0.2625565273131196,Aberdeen,hard,7.789,0.6086956521739131
33,0.40939754689754687,Aberdeen,absent,21.512,1
33,0.40939754689754687,Aberdeen,easy,1.3405,1
33,0.40939754689754687,Aberdeen,hard,20.269,0.16666666666666666
35,0.4295621657754011,Aberdeen,absent,8.256499999999999,0.9583333333333334
35,0.4295621657754011,Aberdeen,easy,0.899,1
35,0.4295621657754011,Aberdeen,hard,6.649,0.30434782608695654
36,0.8037427661725792,Aberdeen,absent,6.156499999999999,1
36,0.8037427661725792,Aberdeen,easy,0.8155,0.875
36,0.8037427661725792,Aberdeen,hard,6.2170000000000005,0.375
38,0.2513565891472868,Aberdeen,absent,22.329,0.9791666666666666
38,0.2513565891472868,Aberdeen,easy,1.213,1
38,0.2513565891472868,Aberdeen,hard,20.247999999999998,0.2916666666666667
39,0.4468196395191302,Aberdeen,absent,12.3235,1
39,0.4468196395191302,Aberdeen,easy,0.89,1
39,0.4468196395191302,Aberdeen,hard,10.954,0.5
40,0.15743321718931474,Aberdeen,absent,12.605,0.875
40,0.15743321718931474,Aberdeen,easy,0.665,0.9565217391304348
40,0.15743321718931474,Aberdeen,hard,10.7875,0.4583333333333333
42,0.37408845788522227,Aberdeen,absent,14.3245,1
42,0.37408845788522227,Aberdeen,easy,1.694,0.875
42,0.37408845788522227,Aberdeen,hard,12.516,0.4782608695652174
44,0.7229300385109114,Aberdeen,absent,8.745000000000001,0.9166666666666666
44,0.7229300385109114,Aberdeen,easy,1.04,1
44,0.7229300385109114,Aberdeen,hard,8.2325,0.16666666666666666
45,0.4209438131313131,Aberdeen,absent,17.66,0.9583333333333334
45,0.4209438131313131,Aberdeen,easy,1.3170000000000002,1
45,0.4209438131313131,Aberdeen,hard,15.620000000000001,0.5416666666666666
46,0.836838911922338,Aberdeen,absent,13.026,0.7708333333333334
46,0.836838911922338,Aberdeen,easy,1.6235,1
46,0.836838911922338,Aberdeen,hard,10.620000000000001,0.4166666666666667
103,0.7078395277599684,Aberdeen,absent,3.873,0.9166666666666666
103,0.7078395277599684,Aberdeen,easy,1.246,0.9130434782608695
103,0.7078395277599684,Aberdeen,hard,3.589,0.20833333333333334
104,0.5720081453634085,Aberdeen,absent,5.6225000000000005,0.875
104,0.5720081453634085,Aberdeen,easy,1.494,0.9166666666666666
104,0.5720081453634085,Aberdeen,hard,4.6145,0.3333333333333333
105,0.2761904761904762,Aberdeen,absent,12.799,0.9782608695652174
105,0.2761904761904762,Aberdeen,easy,1.063,0.9565217391304348
105,0.2761904761904762,Aberdeen,hard,12.1745,0.16666666666666666
107,0.28979328598231036,Aberdeen,absent,36.021,0.9361702127659575
107,0.28979328598231036,Aberdeen,easy,1.375,1
107,0.28979328598231036,Aberdeen,hard,24.525,0.782608695652174
109,0.820925176188334,Aberdeen,absent,9.1835,0.875
109,0.820925176188334,Aberdeen,easy,1.2189999999999999,1
109,0.820925176188334,Aberdeen,hard,8.055,0.13043478260869565
110,0.256547619047619,Aberdeen,absent,16.355,1
110,0.256547619047619,Aberdeen,easy,0.9115,1
110,0.256547619047619,Aberdeen,hard,14.8615,0.2916666666666667
111,0.4176721224528076,Aberdeen,absent,33.579,0.9791666666666666
111,0.4176721224528076,Aberdeen,easy,2.5875,0.9583333333333334
111,0.4176721224528076,Aberdeen,hard,31.1545,0.25
112,0.2840479781656252,Aberdeen,absent,31.147,1
112,0.2840479781656252,Aberdeen,easy,0.954,1
112,0.2840479781656252,Aberdeen,hard,25.302,0.6666666666666666
113,0.3890385510456289,Aberdeen,absent,29.5915,0.9791666666666666
113,0.3890385510456289,Aberdeen,easy,1.0365,1
113,0.3890385510456289,Aberdeen,hard,24.4145,0.625
116,0.5312123544823488,Aberdeen,absent,2.9625,0.9166666666666666
116,0.5312123544823488,Aberdeen,easy,0.889,1
116,0.5312123544823488,Aberdeen,hard,2.8369999999999997,0.041666666666666664
118,0.7826235326235327,Aberdeen,absent,13.8225,0.7916666666666666
118,0.7826235326235327,Aberdeen,easy,1.3225,0.8333333333333334
118,0.7826235326235327,Aberdeen,hard,11.507,0.625
120,0.6330346130126426,Aberdeen,absent,6.4045000000000005,1
120,0.6330346130126426,Aberdeen,easy,0.801,1
120,0.6330346130126426,Aberdeen,hard,5.6884999999999994,0.16666666666666666
123,0.6039193022424729,Aberdeen,absent,9.316,0.8723404255319149
123,0.6039193022424729,Aberdeen,easy,1.1880000000000002,0.9166666666666666
123,0.6039193022424729,Aberdeen,hard,6.1434999999999995,0.4583333333333333
125,0.6758838383838384,Aberdeen,absent,10.861,1
125,0.6758838383838384,Aberdeen,easy,1.616,0.9583333333333334
125,0.6758838383838384,Aberdeen,hard,8.9835,0.4583333333333333
126,0.6796717171717171,Aberdeen,absent,30.059,0.9787234042553191
126,0.6796717171717171,Aberdeen,easy,0.909,1
126,0.6796717171717171,Aberdeen,hard,20.0475,0.7083333333333334
300,0.5457902604641736,Aberdeen,absent,3.872,1
300,0.5457902604641736,Aberdeen,easy,1.134,0.9583333333333334
300,0.5457902604641736,Aberdeen,hard,3.8355,0.20833333333333334
302,0.7818722943722944,Aberdeen,absent,7.755,0.8125
302,0.7818722943722944,Aberdeen,easy,1.4625,0.9583333333333334
302,0.7818722943722944,Aberdeen,hard,7.3345,0.4166666666666667
303,0.5791640740452672,Aberdeen,absent,7.333,1
303,0.5791640740452672,Aberdeen,easy,1.252,1
303,0.5791640740452672,Aberdeen,hard,7.4825,0.3333333333333333
305,0.7901331311088642,Aberdeen,absent,6.9025,1
305,0.7901331311088642,Aberdeen,easy,1.807,0.9583333333333334
305,0.7901331311088642,Aberdeen,hard,6.667,0.16666666666666666
306,0.44954434293097084,Aberdeen,absent,27.0195,1
306,0.44954434293097084,Aberdeen,easy,1.231,0.9583333333333334
306,0.44954434293097084,Aberdeen,hard,13.761,0.782608695652174
308,0.7026553696072659,Aberdeen,absent,2.443,1
308,0.7026553696072659,Aberdeen,easy,1.03,0.875
308,0.7026553696072659,Aberdeen,hard,2.133,0
310,0.46350247009574075,Aberdeen,absent,33.2735,1
310,0.46350247009574075,Aberdeen,easy,0.977,1
310,0.46350247009574075,Aberdeen,hard,27.279,0.375
311,0.6013710981221241,Aberdeen,absent,14.571,0.9166666666666666
311,0.6013710981221241,Aberdeen,easy,0.961,1
311,0.6013710981221241,Aberdeen,hard,9.652,0.4782608695652174
313,0.8916071243657451,Aberdeen,absent,5.729,0.8723404255319149
313,0.8916071243657451,Aberdeen,easy,1.052,1
313,0.8916071243657451,Aberdeen,hard,5.742,0.375
314,0.6406355645706558,Aberdeen,absent,32.8755,0.9347826086956522
314,0.6406355645706558,Aberdeen,easy,2.064,1
314,0.6406355645706558,Aberdeen,hard,28.462000000000003,0.5
315,0.37559903864251687,Aberdeen,absent,37.616,0.9583333333333334
315,0.37559903864251687,Aberdeen,easy,1.4245,1
315,0.37559903864251687,Aberdeen,hard,23.0135,0.5833333333333334
316,0.5795193687230991,Aberdeen,absent,24.997500000000002,1
316,0.5795193687230991,Aberdeen,easy,1.1945000000000001,1
316,0.5795193687230991,Aberdeen,hard,17.136,0.75
318,0.5114788437369082,Aberdeen,absent,22.138,0.7872340425531915
318,0.5114788437369082,Aberdeen,easy,1.275,1
318,0.5114788437369082,Aberdeen,hard,18.417,0.4583333333333333
319,0.3867085489036709,Aberdeen,absent,6.4835,0.9375
319,0.3867085489036709,Aberdeen,easy,0.905,1
319,0.3867085489036709,Aberdeen,hard,6.021,0.125
320,0.5730118786987308,Aberdeen,absent,20.613,1
320,0.5730118786987308,Aberdeen,easy,1.3725,0.9583333333333334
320,0.5730118786987308,Aberdeen,hard,13.7665,0.5416666666666666
321,0.5144927536231884,Aberdeen,absent,4.8149999999999995,1
321,0.5144927536231884,Aberdeen,easy,1.857,0.8695652173913043
321,0.5144927536231884,Aberdeen,hard,4.281499999999999,0.041666666666666664
322,0.241535949498538,Aberdeen,absent,29.868,1
322,0.241535949498538,Aberdeen,easy,1.551,1
322,0.241535949498538,Aberdeen,hard,25.4665,0.5
404,0.3521088725536358,Aberdeen,absent,13.2545,0.9166666666666666
404,0.3521088725536358,Aberdeen,easy,1.0219999999999998,0.9583333333333334
404,0.3521088725536358,Aberdeen,hard,11.725999999999999,0.5416666666666666
405,0.7077260215247851,Aberdeen,absent,7.954,1
405,0.7077260215247851,Aberdeen,easy,1.03,0.9565217391304348
405,0.7077260215247851,Aberdeen,hard,4.2095,0.625
406,0.4484610917537747,Aberdeen,absent,7.126,0.9361702127659575
406,0.4484610917537747,Aberdeen,easy,0.945,0.9565217391304348
406,0.4484610917537747,Aberdeen,hard,8.232500000000002,0.125
407,0.40905572755417957,Aberdeen,absent,38.581500000000005,0.8541666666666666
407,0.40905572755417957,Aberdeen,easy,0.8465,1
407,0.40905572755417957,Aberdeen,hard,24.965,0.5
408,0.5799046697982868,Aberdeen,absent,7.146,1
408,0.5799046697982868,Aberdeen,easy,0.7155,1
408,0.5799046697982868,Aberdeen,hard,5.5265,0.5833333333333334
409,0.6037912912912913,Aberdeen,absent,6.333500000000001,0.9166666666666666
409,0.6037912912912913,Aberdeen,easy,1.34,1
409,0.6037912912912913,Aberdeen,hard,5.996,0.16666666666666666
410,0.8612423633078468,Aberdeen,absent,2.8834999999999997,0.9375
410,0.8612423633078468,Aberdeen,easy,0.697,1
410,0.8612423633078468,Aberdeen,hard,2.6895,0.20833333333333334
411,0.5900001568479829,Aberdeen,absent,10.157,0.9583333333333334
411,0.5900001568479829,Aberdeen,easy,1.2690000000000001,1
411,0.5900001568479829,Aberdeen,hard,10.4285,0.2916666666666667
412,0.5132575757575757,Aberdeen,absent,8.23,1
412,0.5132575757575757,Aberdeen,easy,1.0535,1
412,0.5132575757575757,Aberdeen,hard,7.3465,0.125
413,0.41321924603174603,Aberdeen,absent,8.761,0.7659574468085106
413,0.41321924603174603,Aberdeen,easy,1.245,0.875
413,0.41321924603174603,Aberdeen,hard,6.779,0.30434782608695654
414,0.3953379953379953,Aberdeen,absent,28.304,1
414,0.3953379953379953,Aberdeen,easy,1.2455,1
414,0.3953379953379953,Aberdeen,hard,17.999000000000002,0.5
416,0.4950611325611326,Aberdeen,absent,3.9595000000000002,0.8958333333333334
416,0.4950611325611326,Aberdeen,easy,0.928,0.9565217391304348
416,0.4950611325611326,Aberdeen,hard,4.864,0.08695652173913043
417,0.18142730496453902,Aberdeen,absent,10.1095,1
417,0.18142730496453902,Aberdeen,easy,0.873,1
417,0.18142730496453902,Aberdeen,hard,11.388000000000002,0.08333333333333333
418,0.8113953336276385,Aberdeen,absent,12.2985,0.8333333333333334
418,0.8113953336276385,Aberdeen,easy,1.087,1
418,0.8113953336276385,Aberdeen,hard,7.4985,0.5416666666666666
419,0.3332124309059622,Aberdeen,absent,13.8305,0.9583333333333334
419,0.3332124309059622,Aberdeen,easy,1.0455,1
419,0.3332124309059622,Aberdeen,hard,8.964500000000001,0.4583333333333333
422,0.8408841158841159,Aberdeen,absent,6.229,0.7659574468085106
422,0.8408841158841159,Aberdeen,easy,1.435,1
422,0.8408841158841159,Aberdeen,hard,5.817500000000001,0.375
423,0.6418008636588548,Aberdeen,absent,3.6085000000000003,0.9791666666666666
423,0.6418008636588548,Aberdeen,easy,0.715,1
423,0.6418008636588548,Aberdeen,hard,2.732,0.20833333333333334
424,0.25334861217214155,Aberdeen,absent,18.2385,0.9583333333333334
424,0.25334861217214155,Aberdeen,easy,1.0875,1
424,0.25334861217214155,Aberdeen,hard,18.2075,0.25
425,0.5888183453972928,Aberdeen,absent,8.645,0.8541666666666666
425,0.5888183453972928,Aberdeen,easy,1.2839999999999998,0.9583333333333334
425,0.5888183453972928,Aberdeen,hard,7.119,0.391304347826087
426,0.43577235772357725,Aberdeen,absent,6.18,0.875
426,0.43577235772357725,Aberdeen,easy,0.831,0.9583333333333334
426,0.43577235772357725,Aberdeen,hard,6.0235,0.3333333333333333
427,0.8326532390673426,Aberdeen,absent,12.34,1
427,0.8326532390673426,Aberdeen,easy,1.7035,1
427,0.8326532390673426,Aberdeen,hard,3.965,0.875
428,0.21759945932551916,Aberdeen,absent,17.7335,1
428,0.21759945932551916,Aberdeen,easy,1.346,1
428,0.21759945932551916,Aberdeen,hard,12.636,0.6956521739130435
429,0.33188380688380686,Aberdeen,absent,18.9255,0.9583333333333334
429,0.33188380688380686,Aberdeen,easy,0.778,1
429,0.33188380688380686,Aberdeen,hard,16.257,0.20833333333333334
430,0.631547619047619,Aberdeen,absent,11.4265,0.8541666666666666
430,0.631547619047619,Aberdeen,easy,1.63,0.9130434782608695
430,0.631547619047619,Aberdeen,hard,10.3225,0.4166666666666667
432,0.41415356151711374,Aberdeen,absent,26.5885,1
432,0.41415356151711374,Aberdeen,easy,0.9105000000000001,1
432,0.41415356151711374,Aberdeen,hard,18.0855,0.5
433,0.3854225751559841,Aberdeen,absent,19.56,0.8958333333333334
433,0.3854225751559841,Aberdeen,easy,1.309,1
433,0.3854225751559841,Aberdeen,hard,13.4585,0.4166666666666667
501,0.6103971609785563,Aberdeen,absent,7.257999999999999,0.9791666666666666
501,0.6103971609785563,Aberdeen,easy,0.921,1
501,0.6103971609785563,Aberdeen,hard,6.046,0.125
502,0.31825858250276856,Aberdeen,absent,19.0325,0.9791666666666666
502,0.31825858250276856,Aberdeen,easy,1.738,1
502,0.31825858250276856,Aberdeen,hard,14.222,0.041666666666666664
503,0.23750274483970135,Aberdeen,absent,27.709,1
503,0.23750274483970135,Aberdeen,easy,1.3424999999999998,1
503,0.23750274483970135,Aberdeen,hard,19.999000000000002,0.25
505,0.5742011278195489,Aberdeen,absent,4.8395,0.8541666666666666
505,0.5742011278195489,Aberdeen,easy,1.183,1
505,0.5742011278195489,Aberdeen,hard,4.2235,0.3333333333333333
507,0.5575396825396826,Aberdeen,absent,11.6555,0.9791666666666666
507,0.5575396825396826,Aberdeen,easy,1.041,1
507,0.5575396825396826,Aberdeen,hard,9.113,0.25
508,0.5364921026222784,Aberdeen,absent,4.206,0.9574468085106383
508,0.5364921026222784,Aberdeen,easy,0.775,1
508,0.5364921026222784,Aberdeen,hard,4.282500000000001,0.041666666666666664
509,0.25006435006435007,Aberdeen,absent,13.845,0.7872340425531915
509,0.25006435006435007,Aberdeen,easy,1.256,0.9583333333333334
509,0.25006435006435007,Aberdeen,hard,12.742,0.4782608695652174
510,0.4433565506603683,Aberdeen,absent,3.711,1
510,0.4433565506603683,Aberdeen,easy,0.997,0.9565217391304348
510,0.4433565506603683,Aberdeen,hard,4.597,0.17391304347826086
512,0.8005201958384333,Aberdeen,absent,17.522,0.9791666666666666
512,0.8005201958384333,Aberdeen,easy,0.923,1
512,0.8005201958384333,Aberdeen,hard,8.565999999999999,0.75
514,0.3704352699673176,Aberdeen,absent,8.527000000000001,0.8958333333333334
514,0.3704352699673176,Aberdeen,easy,1.1495,1
514,0.3704352699673176,Aberdeen,hard,6.8725000000000005,0.4166666666666667
515,0.856547619047619,Aberdeen,absent,9.231,0.8333333333333334
515,0.856547619047619,Aberdeen,easy,1.2565,0.9583333333333334
515,0.856547619047619,Aberdeen,hard,7.255,0.4583333333333333
601,0.3501623376623377,Aberdeen,absent,9.504000000000001,0.8958333333333334
601,0.3501623376623377,Aberdeen,easy,1.2475,0.9166666666666666
601,0.3501623376623377,Aberdeen,hard,8.925,0.25
603,0.5855090736669684,Aberdeen,absent,10.284500000000001,0.8333333333333334
603,0.5855090736669684,Aberdeen,easy,1.419,1
603,0.5855090736669684,Aberdeen,hard,4.9785,0.75
606,0.4758433245275351,Aberdeen,absent,9.7475,0.8333333333333334
606,0.4758433245275351,Aberdeen,easy,1.49,1
606,0.4758433245275351,Aberdeen,hard,6.3965,0.5833333333333334
607,0.6050369769119769,Aberdeen,absent,10.5725,1
607,0.6050369769119769,Aberdeen,easy,1.0034999999999998,1
607,0.6050369769119769,Aberdeen,hard,9.316,0.30434782608695654
608,0.9683441558441559,Aberdeen,absent,4.2330000000000005,0.7916666666666666
608,0.9683441558441559,Aberdeen,easy,0.9255,1
608,0.9683441558441559,Aberdeen,hard,2.624,0.75
609,0.17792370231394622,Aberdeen,absent,5.103,0.8936170212765957
609,0.17792370231394622,Aberdeen,easy,1.205,0.9583333333333334
609,0.17792370231394622,Aberdeen,hard,4.68,0.125
610,0.6250716625716626,Aberdeen,absent,6.423,0.8723404255319149
610,0.6250716625716626,Aberdeen,easy,0.7025,1
610,0.6250716625716626,Aberdeen,hard,5.236000000000001,0.4166666666666667
613,0.3574043673129039,Aberdeen,absent,7.9695,0.8958333333333334
613,0.3574043673129039,Aberdeen,easy,1.212,0.9545454545454546
613,0.3574043673129039,Aberdeen,hard,8.263,0.4166666666666667
614,0.35767118863049097,Aberdeen,absent,10.370000000000001,0.9791666666666666
614,0.35767118863049097,Aberdeen,easy,1.1515,1
614,0.35767118863049097,Aberdeen,hard,7.286,0.5833333333333334
615,0.37534515034515037,Aberdeen,absent,4.618,0.7916666666666666
615,0.37534515034515037,Aberdeen,easy,1.082,1
615,0.37534515034515037,Aberdeen,hard,3.9574999999999996,0.3333333333333333
617,0.825272869022869,Aberdeen,absent,31.195,0.9787234042553191
617,0.825272869022869,Aberdeen,easy,1.169,1
617,0.825272869022869,Aberdeen,hard,11.215499999999999,0.7916666666666666
619,0.8296791984291985,Aberdeen,absent,4.871,0.9166666666666666
619,0.8296791984291985,Aberdeen,easy,1.1320000000000001,1
619,0.8296791984291985,Aberdeen,hard,4.4254999999999995,0.375
622,0.6736054382074921,Aberdeen,absent,3.7800000000000002,0.9375
622,0.6736054382074921,Aberdeen,easy,0.9684999999999999,1
622,0.6736054382074921,Aberdeen,hard,4.016,0.20833333333333334
623,0.5433629007158419,Aberdeen,absent,6.089,0.7708333333333334
623,0.5433629007158419,Aberdeen,easy,0.835,0.9583333333333334
623,0.5433629007158419,Aberdeen,hard,6.318,0.21739130434782608
625,0.839627659574468,Aberdeen,absent,0.8214999999999999,0.9791666666666666
625,0.839627659574468,Aberdeen,easy,0.6935,0.9166666666666666
625,0.839627659574468,Aberdeen,hard,0.96,0.21739130434782608
626,0.6589424141749723,Aberdeen,absent,13.006499999999999,0.9791666666666666
626,0.6589424141749723,Aberdeen,easy,1.345,1
626,0.6589424141749723,Aberdeen,hard,10.757,0.6086956521739131
628,0.27653663693085134,Aberdeen,absent,14.876999999999999,0.9782608695652174
628,0.27653663693085134,Aberdeen,easy,0.9795,1
628,0.27653663693085134,Aberdeen,hard,13.0265,0.25
629,0.8323366555924695,Aberdeen,absent,14.964500000000001,1
629,0.8323366555924695,Aberdeen,easy,1.546,0.9166666666666666
629,0.8323366555924695,Aberdeen,hard,11.138000000000002,0.25
630,0.3444200726809422,Aberdeen,absent,6.0785,0.9791666666666666
630,0.3444200726809422,Aberdeen,easy,1.038,0.9565217391304348
630,0.3444200726809422,Aberdeen,hard,5.3855,0.08333333333333333
631,0.7887401430405281,Aberdeen,absent,4.0365,0.9166666666666666
631,0.7887401430405281,Aberdeen,easy,1.352,0.875
631,0.7887401430405281,Aberdeen,hard,3.644,0.08333333333333333
632,0.25603167261354126,Aberdeen,absent,12.502,1
632,0.25603167261354126,Aberdeen,easy,0.951,1
632,0.25603167261354126,Aberdeen,hard,10.858,0.5
633,0.4732368191621163,Aberdeen,absent,12.0325,0.8333333333333334
633,0.4732368191621163,Aberdeen,easy,1.88,1
633,0.4732368191621163,Aberdeen,hard,10.983,0.3333333333333333
634,0.46042776778070893,Aberdeen,absent,6.093,0.7916666666666666
634,0.46042776778070893,Aberdeen,easy,0.9415,0.9583333333333334
634,0.46042776778070893,Aberdeen,hard,7.598,0.20833333333333334
635,0.3114612511671335,Aberdeen,absent,36.6385,0.75
635,0.3114612511671335,Aberdeen,easy,1.6880000000000002,1
635,0.3114612511671335,Aberdeen,hard,22.837,0.5
638,0.7118062811595068,Aberdeen,absent,7.948,0.9166666666666666
638,0.7118062811595068,Aberdeen,easy,1.2515,1
638,0.7118062811595068,Aberdeen,hard,7.014,0.25
640,0.4746135977843295,Aberdeen,absent,7.127,0.8723404255319149
640,0.4746135977843295,Aberdeen,easy,0.8685,1
640,0.4746135977843295,Aberdeen,hard,6.4945,0.20833333333333334
641,0.7424308415162074,Aberdeen,absent,5.332,0.9787234042553191
641,0.7424308415162074,Aberdeen,easy,1.0295,0.9545454545454546
641,0.7424308415162074,Aberdeen,hard,4.603,0.43478260869565216
643,0.8327598722415795,Aberdeen,absent,2.2575000000000003,0.9375
643,0.8327598722415795,Aberdeen,easy,0.771,1
643,0.8327598722415795,Aberdeen,hard,2.6775,0.041666666666666664
645,0.3567145080302975,Aberdeen,absent,6.643,0.8297872340425532
645,0.3567145080302975,Aberdeen,easy,0.853,1
645,0.3567145080302975,Aberdeen,hard,5.5115,0.375
701,0.3630213674294306,Essex,absent,16.688499999999998,1
701,0.3630213674294306,Essex,easy,1.619,0.9583333333333334
701,0.3630213674294306,Essex,hard,12.947,0.2916666666666667
703,0.2601413163849969,Essex,absent,10.101500000000001,0.9583333333333334
703,0.2601413163849969,Essex,easy,0.5814999999999999,0.9583333333333334
703,0.2601413163849969,Essex,hard,8.64,0.4583333333333333
704,0.7488116405879564,Essex,absent,6.124,0.9375
704,0.7488116405879564,Essex,easy,0.9844999999999999,0.9166666666666666
704,0.7488116405879564,Essex,hard,4.119,0.4583333333333333
706,0.8167701863354038,Essex,absent,8.0485,1
706,0.8167701863354038,Essex,easy,0.8895,0.9583333333333334
706,0.8167701863354038,Essex,hard,7.8735,0.20833333333333334
707,0.38738549217845875,Essex,absent,22.2225,0.9583333333333334
707,0.38738549217845875,Essex,easy,1.116,1
707,0.38738549217845875,Essex,hard,17.1235,0.4583333333333333
709,0.59375,Essex,absent,22.478499999999997,0.9791666666666666
709,0.59375,Essex,easy,1.08,0.9583333333333334
709,0.59375,Essex,hard,21.1365,0.2916666666666667
710,0.2517010026963262,Essex,absent,68.475,1
710,0.2517010026963262,Essex,easy,2.135,1
710,0.2517010026963262,Essex,hard,43.064,0.7916666666666666
711,0.33824932455251605,Essex,absent,25.7665,1
711,0.33824932455251605,Essex,easy,1.3250000000000002,0.9583333333333334
711,0.33824932455251605,Essex,hard,22.5425,0.2916666666666667
714,0.4938564544016481,Essex,absent,14.581,0.8541666666666666
714,0.4938564544016481,Essex,easy,1.3085,0.9166666666666666
714,0.4938564544016481,Essex,hard,12.757000000000001,0.16666666666666666
715,0.26549351049813585,Essex,absent,23.532,1
715,0.26549351049813585,Essex,easy,1.5550000000000002,0.9166666666666666
715,0.26549351049813585,Essex,hard,19.801000000000002,0.125
717,0.18629548257786,Essex,absent,31.200499999999998,1
717,0.18629548257786,Essex,easy,1.4095,1
717,0.18629548257786,Essex,hard,22.741500000000002,0.5416666666666666
718,0.7030336257309941,Essex,absent,53.861999999999995,0.8541666666666666
718,0.7030336257309941,Essex,easy,1.671,1
718,0.7030336257309941,Essex,hard,14.3295,0.6666666666666666
719,0.5211017987180778,Essex,absent,4.1530000000000005,0.9375
719,0.5211017987180778,Essex,easy,0.9295,1
719,0.5211017987180778,Essex,hard,3.8365,0.125
722,0.4128617253617254,Essex,absent,8.178,0.7916666666666666
722,0.4128617253617254,Essex,easy,0.9664999999999999,1
722,0.4128617253617254,Essex,hard,7.66,0.4166666666666667
723,0.40051975051975053,Essex,absent,7.196,0.875
723,0.40051975051975053,Essex,easy,1.1440000000000001,1
723,0.40051975051975053,Essex,hard,7.747999999999999,0.16666666666666666
724,0.5935202443823133,Essex,absent,9.0985,0.7916666666666666
724,0.5935202443823133,Essex,easy,0.8474999999999999,1
724,0.5935202443823133,Essex,hard,7.705,0.4583333333333333
725,0.6262472283813747,Essex,absent,14.0845,0.9375
725,0.6262472283813747,Essex,easy,1.0255,1
725,0.6262472283813747,Essex,hard,10.346,0.2916666666666667
726,0.365413998427143,Essex,absent,47.1155,0.9791666666666666
726,0.365413998427143,Essex,easy,1.666,1
726,0.365413998427143,Essex,hard,39.568,0.4583333333333333
727,0.4540518424664766,Essex,absent,5.7905,1
727,0.4540518424664766,Essex,easy,1.101,1
727,0.4540518424664766,Essex,hard,4.82,0.125
729,0.18505868329359984,Essex,absent,26.6085,0.875
729,0.18505868329359984,Essex,easy,1.229,0.9583333333333334
729,0.18505868329359984,Essex,hard,22.451999999999998,0.25
730,0.416200110864745,Essex,absent,11.9585,0.9166666666666666
730,0.416200110864745,Essex,easy,1.0345,0.9583333333333334
730,0.416200110864745,Essex,hard,7.1735,0.4583333333333333
732,0.43577235772357725,Essex,absent,14.9995,0.9583333333333334
732,0.43577235772357725,Essex,easy,1.421,1
732,0.43577235772357725,Essex,hard,10.8995,0.3333333333333333
733,0.30125591016548464,Essex,absent,25.2345,1
733,0.30125591016548464,Essex,easy,1.0615,0.9583333333333334
733,0.30125591016548464,Essex,hard,22.363,0.20833333333333334
737,0.8768557422969188,Essex,absent,2.9139999999999997,0.8333333333333334
737,0.8768557422969188,Essex,easy,1.034,0.9583333333333334
737,0.8768557422969188,Essex,hard,2.254,0.625
738,0.7326499388004896,Essex,absent,13.053,0.9166666666666666
738,0.7326499388004896,Essex,easy,1.138,1
738,0.7326499388004896,Essex,hard,10.945,0.25
740,0.38405103668261564,Essex,absent,37.596000000000004,0.9583333333333334
740,0.38405103668261564,Essex,easy,0.9775,1
740,0.38405103668261564,Essex,hard,25.3115,0.625
742,0.7729325313615127,Essex,absent,3.382,0.8958333333333334
742,0.7729325313615127,Essex,easy,0.742,1
742,0.7729325313615127,Essex,hard,3.1870000000000003,0.20833333333333334
743,0.37293543543543545,Essex,absent,9.313,0.7708333333333334
743,0.37293543543543545,Essex,easy,1.6804999999999999,0.8333333333333334
743,0.37293543543543545,Essex,hard,8.6025,0.375
744,0.7740707568293775,Essex,absent,16.2435,0.7708333333333334
744,0.7740707568293775,Essex,easy,1.584,1
744,0.7740707568293775,Essex,hard,15.278,0.3333333333333333
745,0.289709368153238,Essex,absent,23.6965,1
745,0.289709368153238,Essex,easy,1.2454999999999998,1
745,0.289709368153238,Essex,hard,19.7745,0.375
746,0.6635586635586636,Essex,absent,10.2125,0.8333333333333334
746,0.6635586635586636,Essex,easy,1.2755,0.9166666666666666
746,0.6635586635586636,Essex,hard,10.7685,0.4583333333333333
748,0.3860237434474252,Essex,absent,21.5595,1
748,0.3860237434474252,Essex,easy,1.1065,1
748,0.3860237434474252,Essex,hard,14.111999999999998,0.5416666666666666
751,0.732077856420627,Essex,absent,8.6585,0.9583333333333334
751,0.732077856420627,Essex,easy,0.9405,1
751,0.732077856420627,Essex,hard,5.6905,0.5833333333333334
753,0.3801982591876209,Essex,absent,22.125500000000002,1
753,0.3801982591876209,Essex,easy,1.008,0.9583333333333334
753,0.3801982591876209,Essex,hard,15.5805,0.5
754,0.2546568767499,Essex,absent,18.307,0.9583333333333334
754,0.2546568767499,Essex,easy,0.919,0.9583333333333334
754,0.2546568767499,Essex,hard,11.96,0.4583333333333333
755,0.9052083333333333,Essex,absent,8.752,0.9583333333333334
755,0.9052083333333333,Essex,easy,1.1004999999999998,1
755,0.9052083333333333,Essex,hard,6.854,0.2916666666666667
758,0.8316946001128169,Essex,absent,17.749499999999998,0.8125
758,0.8316946001128169,Essex,easy,1.5145,0.9583333333333334
758,0.8316946001128169,Essex,hard,14.9985,0.25
759,0.4756944444444444,Essex,absent,7.5435,0.8541666666666666
759,0.4756944444444444,Essex,easy,1.5705,1
759,0.4756944444444444,Essex,hard,7.1345,0.4583333333333333
760,0.25252659574468084,Essex,absent,41.067499999999995,1
760,0.25252659574468084,Essex,easy,1.2765,1
760,0.25252659574468084,Essex,hard,37.691500000000005,0.3333333333333333
761,0.39132814859559045,Essex,absent,37.078,0.9166666666666666
761,0.39132814859559045,Essex,easy,1.2934999999999999,1
761,0.39132814859559045,Essex,hard,25.657,0.7083333333333334
762,0.3055133173100505,Essex,absent,18.7785,0.8125
762,0.3055133173100505,Essex,easy,1.145,0.9583333333333334
762,0.3055133173100505,Essex,hard,11.8875,0.5833333333333334
764,0.40964005480134513,Essex,absent,20.5065,0.8125
764,0.40964005480134513,Essex,easy,2.309,0.9583333333333334
764,0.40964005480134513,Essex,hard,12.466000000000001,0.7083333333333334
766,0.6982274482274482,Essex,absent,10.6035,0.7916666666666666
766,0.6982274482274482,Essex,easy,1.5455,0.9583333333333334
766,0.6982274482274482,Essex,hard,9.197500000000002,0.3333333333333333
767,0.3224778270509978,Essex,absent,1.9815,0.9375
767,0.3224778270509978,Essex,easy,0.974,0.9166666666666666
767,0.3224778270509978,Essex,hard,2.0665,0.125
770,0.6232323232323232,Essex,absent,8.904499999999999,0.9583333333333334
770,0.6232323232323232,Essex,easy,1.4085,1
770,0.6232323232323232,Essex,hard,7.292,0.20833333333333334
772,0.5680036382369039,Essex,absent,5.864000000000001,0.75
772,0.5680036382369039,Essex,easy,1.8835000000000002,0.9583333333333334
772,0.5680036382369039,Essex,hard,5.32,0.5833333333333334
775,0.38567765732535647,Essex,absent,8.3925,1
775,0.38567765732535647,Essex,easy,0.778,1
775,0.38567765732535647,Essex,hard,7.4025,0.4166666666666667
776,0.3100363906766165,Essex,absent,15.867,0.8958333333333334
776,0.3100363906766165,Essex,easy,1.358,1
776,0.3100363906766165,Essex,hard,14.844999999999999,0.25
777,0.7911205073995772,Essex,absent,13.031500000000001,0.9375
777,0.7911205073995772,Essex,easy,2.7329999999999997,0.9166666666666666
777,0.7911205073995772,Essex,hard,10.1935,0.3333333333333333
778,0.5265034771613719,Essex,absent,16.5865,0.8125
778,0.5265034771613719,Essex,easy,1.5110000000000001,1
778,0.5265034771613719,Essex,hard,12.273,0.6666666666666666
779,0.5502747252747253,Essex,absent,8.448,0.875
779,0.5502747252747253,Essex,easy,1.034,1
779,0.5502747252747253,Essex,hard,7.381,0.5
781,0.4770833333333333,Essex,absent,19.7135,1
781,0.4770833333333333,Essex,easy,1.0710000000000002,0.9583333333333334
781,0.4770833333333333,Essex,hard,14.346,0.6666666666666666
782,0.45110337666621686,Essex,absent,75.307,1
782,0.45110337666621686,Essex,easy,1.029,1
782,0.45110337666621686,Essex,hard,16.500999999999998,0.9583333333333334
783,0.6351560345620002,Essex,absent,25.478,1
783,0.6351560345620002,Essex,easy,0.942,1
783,0.6351560345620002,Essex,hard,9.292,0.7083333333333334
784,0.8040436527571609,Essex,absent,9.915500000000002,0.9791666666666666
784,0.8040436527571609,Essex,easy,0.7645,1
784,0.8040436527571609,Essex,hard,6.9830000000000005,0.4166666666666667
785,0.40212449341438705,Essex,absent,26.17,1
785,0.40212449341438705,Essex,easy,1.255,0.9166666666666666
785,0.40212449341438705,Essex,hard,22.3265,0.4583333333333333
786,0.5457974137931034,Essex,absent,7.0705,0.7708333333333334
786,0.5457974137931034,Essex,easy,1.624,0.7916666666666666
786,0.5457974137931034,Essex,hard,7.746,0.16666666666666666
788,0.19438020351526364,Essex,absent,16.15,0.9791666666666666
788,0.19438020351526364,Essex,easy,1.1105,1
788,0.19438020351526364,Essex,hard,11.668,0.5416666666666666
795,0.17351190476190476,Essex,absent,24.2755,0.875
795,0.17351190476190476,Essex,easy,1.2565,1
795,0.17351190476190476,Essex,hard,16.533,0.5833333333333334
797,0.3256822386679001,Essex,absent,17.0015,1
797,0.3256822386679001,Essex,easy,1.3265,0.9583333333333334
797,0.3256822386679001,Essex,hard,12.338000000000001,0.5
799,0.3683848013116306,Essex,absent,20.9665,0.8541666666666666
799,0.3683848013116306,Essex,easy,1.147,1
799,0.3683848013116306,Essex,hard,16.82,0.625
802,0.6339285714285714,Essex,absent,21.651,0.75
802,0.6339285714285714,Essex,easy,1.7755,1
802,0.6339285714285714,Essex,hard,11.129999999999999,0.5833333333333334
803,0.6757366171839856,Essex,absent,15.354500000000002,0.7916666666666666
803,0.6757366171839856,Essex,easy,1.412,0.9166666666666666
803,0.6757366171839856,Essex,hard,11.393,0.5416666666666666
804,0.5540370482230947,Essex,absent,13.118500000000001,1
804,0.5540370482230947,Essex,easy,0.778,0.9565217391304348
804,0.5540370482230947,Essex,hard,9.342500000000001,0.4583333333333333
807,0.4107905982905983,Essex,absent,8.849499999999999,0.75
807,0.4107905982905983,Essex,easy,0.9115,1
807,0.4107905982905983,Essex,hard,9.161,0.375
808,0.6184041835357625,Essex,absent,12.4825,0.8125
808,0.6184041835357625,Essex,easy,1.1105,0.9583333333333334
808,0.6184041835357625,Essex,hard,8.4435,0.5416666666666666
809,0.7448792016806722,Essex,absent,8.3865,0.7708333333333334
809,0.7448792016806722,Essex,easy,0.8955,0.9583333333333334
809,0.7448792016806722,Essex,hard,4.2,0.4166666666666667
811,0.48806755260243634,Essex,absent,15.264,0.8958333333333334
811,0.48806755260243634,Essex,easy,1.2349999999999999,1
811,0.48806755260243634,Essex,hard,15.765,0.16666666666666666
813,0.6423537702607469,Essex,absent,40.108000000000004,0.8958333333333334
813,0.6423537702607469,Essex,easy,1.4505,1
813,0.6423537702607469,Essex,hard,18.4135,0.625
814,0.6393292682926829,Essex,absent,18.3955,0.9166666666666666
814,0.6393292682926829,Essex,easy,1.222,1
814,0.6393292682926829,Essex,hard,14.964,0.4583333333333333
900,0.35510884461311404,Aberdeen,absent,12.303999999999998,0.7916666666666666
900,0.35510884461311404,Aberdeen,easy,0.91,1
900,0.35510884461311404,Aberdeen,hard,12.596499999999999,0.3333333333333333
901,0.5565717177559283,Aberdeen,absent,9.0095,0.875
901,0.5565717177559283,Aberdeen,easy,1.067,1
901,0.5565717177559283,Aberdeen,hard,7.424,0.4782608695652174
902,0.32748498114351776,Aberdeen,absent,11.021,0.9375
902,0.32748498114351776,Aberdeen,easy,1.0745,1
902,0.32748498114351776,Aberdeen,hard,10.186,0.375
